Date,Day,Day_Name,Week_Number,Month,Month_Number,Quarter,Year,Year_Month,Financial_Year
2024-01-01,1,Monday,1,January,1,Q1,2024,Jan-2024,FY2023-24
2024-01-02,2,Tuesday,1,January,1,Q1,2024,Jan-2024,FY2023-24
2024-01-03,3,Wednesday,1,January,1,Q1,2024,Jan-2024,FY2023-24
2024-01-04,4,Thursday,1,January,1,Q1,2024,Jan-2024,FY2023-24
2024-01-05,5,Friday,1,January,1,Q1,2024,Jan-2024,FY2023-24
2024-01-06,6,Saturday,1,January,1,Q1,2024,Jan-2024,FY2023-24
2024-01-07,7,Sunday,1,January,1,Q1,2024,Jan-2024,FY2023-24
2024-01-08,8,Monday,2,January,1,Q1,2024,Jan-2024,FY2023-24
2024-01-09,9,Tuesday,2,January,1,Q1,2024,Jan-2024,FY2023-24
2024-01-10,10,Wednesday,2,January,1,Q1,2024,Jan-2024,FY2023-24
2024-01-11,11,Thursday,2,January,1,Q1,2024,Jan-2024,FY2023-24
2024-01-12,12,Friday,2,January,1,Q1,2024,Jan-2024,FY2023-24
2024-01-13,13,Saturday,2,January,1,Q1,2024,Jan-2024,FY2023-24
2024-01-14,14,Sunday,2,January,1,Q1,2024,Jan-2024,FY2023-24
2024-01-15,15,Monday,3,January,1,Q1,2024,Jan-2024,FY2023-24
2024-01-16,16,Tuesday,3,January,1,Q1,2024,Jan-2024,FY2023-24
2024-01-17,17,Wednesday,3,January,1,Q1,2024,Jan-2024,FY2023-24
2024-01-18,18,Thursday,3,January,1,Q1,2024,Jan-2024,FY2023-24
2024-01-19,19,Friday,3,January,1,Q1,2024,Jan-2024,FY2023-24
2024-01-20,20,Saturday,3,January,1,Q1,2024,Jan-2024,FY2023-24
2024-01-21,21,Sunday,3,January,1,Q1,2024,Jan-2024,FY2023-24
2024-01-22,22,Monday,4,January,1,Q1,2024,Jan-2024,FY2023-24
2024-01-23,23,Tuesday,4,January,1,Q1,2024,Jan-2024,FY2023-24
2024-01-24,24,Wednesday,4,January,1,Q1,2024,Jan-2024,FY2023-24
2024-01-25,25,Thursday,4,January,1,Q1,2024,Jan-2024,FY2023-24
2024-01-26,26,Friday,4,January,1,Q1,2024,Jan-2024,FY2023-24
2024-01-27,27,Saturday,4,January,1,Q1,2024,Jan-2024,FY2023-24
2024-01-28,28,Sunday,4,January,1,Q1,2024,Jan-2024,FY2023-24
2024-01-29,29,Monday,5,January,1,Q1,2024,Jan-2024,FY2023-24
2024-01-30,30,Tuesday,5,January,1,Q1,2024,Jan-2024,FY2023-24
2024-01-31,31,Wednesday,5,January,1,Q1,2024,Jan-2024,FY2023-24
2024-02-01,1,Thursday,5,February,2,Q1,2024,Feb-2024,FY2023-24
2024-02-02,2,Friday,5,February,2,Q1,2024,Feb-2024,FY2023-24
2024-02-03,3,Saturday,5,February,2,Q1,2024,Feb-2024,FY2023-24
2024-02-04,4,Sunday,5,February,2,Q1,2024,Feb-2024,FY2023-24
2024-02-05,5,Monday,6,February,2,Q1,2024,Feb-2024,FY2023-24
2024-02-06,6,Tuesday,6,February,2,Q1,2024,Feb-2024,FY2023-24
2024-02-07,7,Wednesday,6,February,2,Q1,2024,Feb-2024,FY2023-24
2024-02-08,8,Thursday,6,February,2,Q1,2024,Feb-2024,FY2023-24
2024-02-09,9,Friday,6,February,2,Q1,2024,Feb-2024,FY2023-24
2024-02-10,10,Saturday,6,February,2,Q1,2024,Feb-2024,FY2023-24
2024-02-11,11,Sunday,6,February,2,Q1,2024,Feb-2024,FY2023-24
2024-02-12,12,Monday,7,February,2,Q1,2024,Feb-2024,FY2023-24
2024-02-13,13,Tuesday,7,February,2,Q1,2024,Feb-2024,FY2023-24
2024-02-14,14,Wednesday,7,February,2,Q1,2024,Feb-2024,FY2023-24
2024-02-15,15,Thursday,7,February,2,Q1,2024,Feb-2024,FY2023-24
2024-02-16,16,Friday,7,February,2,Q1,2024,Feb-2024,FY2023-24
2024-02-17,17,Saturday,7,February,2,Q1,2024,Feb-2024,FY2023-24
2024-02-18,18,Sunday,7,February,2,Q1,2024,Feb-2024,FY2023-24
2024-02-19,19,Monday,8,February,2,Q1,2024,Feb-2024,FY2023-24
2024-02-20,20,Tuesday,8,February,2,Q1,2024,Feb-2024,FY2023-24
2024-02-21,21,Wednesday,8,February,2,Q1,2024,Feb-2024,FY2023-24
2024-02-22,22,Thursday,8,February,2,Q1,2024,Feb-2024,FY2023-24
2024-02-23,23,Friday,8,February,2,Q1,2024,Feb-2024,FY2023-24
2024-02-24,24,Saturday,8,February,2,Q1,2024,Feb-2024,FY2023-24
2024-02-25,25,Sunday,8,February,2,Q1,2024,Feb-2024,FY2023-24
2024-02-26,26,Monday,9,February,2,Q1,2024,Feb-2024,FY2023-24
2024-02-27,27,Tuesday,9,February,2,Q1,2024,Feb-2024,FY2023-24
2024-02-28,28,Wednesday,9,February,2,Q1,2024,Feb-2024,FY2023-24
2024-02-29,29,Thursday,9,February,2,Q1,2024,Feb-2024,FY2023-24
2024-03-01,1,Friday,9,March,3,Q1,2024,Mar-2024,FY2023-24
2024-03-02,2,Saturday,9,March,3,Q1,2024,Mar-2024,FY2023-24
2024-03-03,3,Sunday,9,March,3,Q1,2024,Mar-2024,FY2023-24
2024-03-04,4,Monday,10,March,3,Q1,2024,Mar-2024,FY2023-24
2024-03-05,5,Tuesday,10,March,3,Q1,2024,Mar-2024,FY2023-24
2024-03-06,6,Wednesday,10,March,3,Q1,2024,Mar-2024,FY2023-24
2024-03-07,7,Thursday,10,March,3,Q1,2024,Mar-2024,FY2023-24
2024-03-08,8,Friday,10,March,3,Q1,2024,Mar-2024,FY2023-24
2024-03-09,9,Saturday,10,March,3,Q1,2024,Mar-2024,FY2023-24
2024-03-10,10,Sunday,10,March,3,Q1,2024,Mar-2024,FY2023-24
2024-03-11,11,Monday,11,March,3,Q1,2024,Mar-2024,FY2023-24
2024-03-12,12,Tuesday,11,March,3,Q1,2024,Mar-2024,FY2023-24
2024-03-13,13,Wednesday,11,March,3,Q1,2024,Mar-2024,FY2023-24
2024-03-14,14,Thursday,11,March,3,Q1,2024,Mar-2024,FY2023-24
2024-03-15,15,Friday,11,March,3,Q1,2024,Mar-2024,FY2023-24
2024-03-16,16,Saturday,11,March,3,Q1,2024,Mar-2024,FY2023-24
2024-03-17,17,Sunday,11,March,3,Q1,2024,Mar-2024,FY2023-24
2024-03-18,18,Monday,12,March,3,Q1,2024,Mar-2024,FY2023-24
2024-03-19,19,Tuesday,12,March,3,Q1,2024,Mar-2024,FY2023-24
2024-03-20,20,Wednesday,12,March,3,Q1,2024,Mar-2024,FY2023-24
2024-03-21,21,Thursday,12,March,3,Q1,2024,Mar-2024,FY2023-24
2024-03-22,22,Friday,12,March,3,Q1,2024,Mar-2024,FY2023-24
2024-03-23,23,Saturday,12,March,3,Q1,2024,Mar-2024,FY2023-24
2024-03-24,24,Sunday,12,March,3,Q1,2024,Mar-2024,FY2023-24
2024-03-25,25,Monday,13,March,3,Q1,2024,Mar-2024,FY2023-24
2024-03-26,26,Tuesday,13,March,3,Q1,2024,Mar-2024,FY2023-24
2024-03-27,27,Wednesday,13,March,3,Q1,2024,Mar-2024,FY2023-24
2024-03-28,28,Thursday,13,March,3,Q1,2024,Mar-2024,FY2023-24
2024-03-29,29,Friday,13,March,3,Q1,2024,Mar-2024,FY2023-24
2024-03-30,30,Saturday,13,March,3,Q1,2024,Mar-2024,FY2023-24
2024-03-31,31,Sunday,13,March,3,Q1,2024,Mar-2024,FY2023-24
2024-04-01,1,Monday,14,April,4,Q2,2024,Apr-2024,FY2024-25
2024-04-02,2,Tuesday,14,April,4,Q2,2024,Apr-2024,FY2024-25
2024-04-03,3,Wednesday,14,April,4,Q2,2024,Apr-2024,FY2024-25
2024-04-04,4,Thursday,14,April,4,Q2,2024,Apr-2024,FY2024-25
2024-04-05,5,Friday,14,April,4,Q2,2024,Apr-2024,FY2024-25
2024-04-06,6,Saturday,14,April,4,Q2,2024,Apr-2024,FY2024-25
2024-04-07,7,Sunday,14,April,4,Q2,2024,Apr-2024,FY2024-25
2024-04-08,8,Monday,15,April,4,Q2,2024,Apr-2024,FY2024-25
2024-04-09,9,Tuesday,15,April,4,Q2,2024,Apr-2024,FY2024-25
2024-04-10,10,Wednesday,15,April,4,Q2,2024,Apr-2024,FY2024-25
2024-04-11,11,Thursday,15,April,4,Q2,2024,Apr-2024,FY2024-25
2024-04-12,12,Friday,15,April,4,Q2,2024,Apr-2024,FY2024-25
2024-04-13,13,Saturday,15,April,4,Q2,2024,Apr-2024,FY2024-25
2024-04-14,14,Sunday,15,April,4,Q2,2024,Apr-2024,FY2024-25
2024-04-15,15,Monday,16,April,4,Q2,2024,Apr-2024,FY2024-25
2024-04-16,16,Tuesday,16,April,4,Q2,2024,Apr-2024,FY2024-25
2024-04-17,17,Wednesday,16,April,4,Q2,2024,Apr-2024,FY2024-25
2024-04-18,18,Thursday,16,April,4,Q2,2024,Apr-2024,FY2024-25
2024-04-19,19,Friday,16,April,4,Q2,2024,Apr-2024,FY2024-25
2024-04-20,20,Saturday,16,April,4,Q2,2024,Apr-2024,FY2024-25
2024-04-21,21,Sunday,16,April,4,Q2,2024,Apr-2024,FY2024-25
2024-04-22,22,Monday,17,April,4,Q2,2024,Apr-2024,FY2024-25
2024-04-23,23,Tuesday,17,April,4,Q2,2024,Apr-2024,FY2024-25
2024-04-24,24,Wednesday,17,April,4,Q2,2024,Apr-2024,FY2024-25
2024-04-25,25,Thursday,17,April,4,Q2,2024,Apr-2024,FY2024-25
2024-04-26,26,Friday,17,April,4,Q2,2024,Apr-2024,FY2024-25
2024-04-27,27,Saturday,17,April,4,Q2,2024,Apr-2024,FY2024-25
2024-04-28,28,Sunday,17,April,4,Q2,2024,Apr-2024,FY2024-25
2024-04-29,29,Monday,18,April,4,Q2,2024,Apr-2024,FY2024-25
2024-04-30,30,Tuesday,18,April,4,Q2,2024,Apr-2024,FY2024-25
2024-05-01,1,Wednesday,18,May,5,Q2,2024,May-2024,FY2024-25
2024-05-02,2,Thursday,18,May,5,Q2,2024,May-2024,FY2024-25
2024-05-03,3,Friday,18,May,5,Q2,2024,May-2024,FY2024-25
2024-05-04,4,Saturday,18,May,5,Q2,2024,May-2024,FY2024-25
2024-05-05,5,Sunday,18,May,5,Q2,2024,May-2024,FY2024-25
2024-05-06,6,Monday,19,May,5,Q2,2024,May-2024,FY2024-25
2024-05-07,7,Tuesday,19,May,5,Q2,2024,May-2024,FY2024-25
2024-05-08,8,Wednesday,19,May,5,Q2,2024,May-2024,FY2024-25
2024-05-09,9,Thursday,19,May,5,Q2,2024,May-2024,FY2024-25
2024-05-10,10,Friday,19,May,5,Q2,2024,May-2024,FY2024-25
2024-05-11,11,Saturday,19,May,5,Q2,2024,May-2024,FY2024-25
2024-05-12,12,Sunday,19,May,5,Q2,2024,May-2024,FY2024-25
2024-05-13,13,Monday,20,May,5,Q2,2024,May-2024,FY2024-25
2024-05-14,14,Tuesday,20,May,5,Q2,2024,May-2024,FY2024-25
2024-05-15,15,Wednesday,20,May,5,Q2,2024,May-2024,FY2024-25
2024-05-16,16,Thursday,20,May,5,Q2,2024,May-2024,FY2024-25
2024-05-17,17,Friday,20,May,5,Q2,2024,May-2024,FY2024-25
2024-05-18,18,Saturday,20,May,5,Q2,2024,May-2024,FY2024-25
2024-05-19,19,Sunday,20,May,5,Q2,2024,May-2024,FY2024-25
2024-05-20,20,Monday,21,May,5,Q2,2024,May-2024,FY2024-25
2024-05-21,21,Tuesday,21,May,5,Q2,2024,May-2024,FY2024-25
2024-05-22,22,Wednesday,21,May,5,Q2,2024,May-2024,FY2024-25
2024-05-23,23,Thursday,21,May,5,Q2,2024,May-2024,FY2024-25
2024-05-24,24,Friday,21,May,5,Q2,2024,May-2024,FY2024-25
2024-05-25,25,Saturday,21,May,5,Q2,2024,May-2024,FY2024-25
2024-05-26,26,Sunday,21,May,5,Q2,2024,May-2024,FY2024-25
2024-05-27,27,Monday,22,May,5,Q2,2024,May-2024,FY2024-25
2024-05-28,28,Tuesday,22,May,5,Q2,2024,May-2024,FY2024-25
2024-05-29,29,Wednesday,22,May,5,Q2,2024,May-2024,FY2024-25
2024-05-30,30,Thursday,22,May,5,Q2,2024,May-2024,FY2024-25
2024-05-31,31,Friday,22,May,5,Q2,2024,May-2024,FY2024-25
2024-06-01,1,Saturday,22,June,6,Q2,2024,Jun-2024,FY2024-25
2024-06-02,2,Sunday,22,June,6,Q2,2024,Jun-2024,FY2024-25
2024-06-03,3,Monday,23,June,6,Q2,2024,Jun-2024,FY2024-25
2024-06-04,4,Tuesday,23,June,6,Q2,2024,Jun-2024,FY2024-25
2024-06-05,5,Wednesday,23,June,6,Q2,2024,Jun-2024,FY2024-25
2024-06-06,6,Thursday,23,June,6,Q2,2024,Jun-2024,FY2024-25
2024-06-07,7,Friday,23,June,6,Q2,2024,Jun-2024,FY2024-25
2024-06-08,8,Saturday,23,June,6,Q2,2024,Jun-2024,FY2024-25
2024-06-09,9,Sunday,23,June,6,Q2,2024,Jun-2024,FY2024-25
2024-06-10,10,Monday,24,June,6,Q2,2024,Jun-2024,FY2024-25
2024-06-11,11,Tuesday,24,June,6,Q2,2024,Jun-2024,FY2024-25
2024-06-12,12,Wednesday,24,June,6,Q2,2024,Jun-2024,FY2024-25
2024-06-13,13,Thursday,24,June,6,Q2,2024,Jun-2024,FY2024-25
2024-06-14,14,Friday,24,June,6,Q2,2024,Jun-2024,FY2024-25
2024-06-15,15,Saturday,24,June,6,Q2,2024,Jun-2024,FY2024-25
2024-06-16,16,Sunday,24,June,6,Q2,2024,Jun-2024,FY2024-25
2024-06-17,17,Monday,25,June,6,Q2,2024,Jun-2024,FY2024-25
2024-06-18,18,Tuesday,25,June,6,Q2,2024,Jun-2024,FY2024-25
2024-06-19,19,Wednesday,25,June,6,Q2,2024,Jun-2024,FY2024-25
2024-06-20,20,Thursday,25,June,6,Q2,2024,Jun-2024,FY2024-25
2024-06-21,21,Friday,25,June,6,Q2,2024,Jun-2024,FY2024-25
2024-06-22,22,Saturday,25,June,6,Q2,2024,Jun-2024,FY2024-25
2024-06-23,23,Sunday,25,June,6,Q2,2024,Jun-2024,FY2024-25
2024-06-24,24,Monday,26,June,6,Q2,2024,Jun-2024,FY2024-25
2024-06-25,25,Tuesday,26,June,6,Q2,2024,Jun-2024,FY2024-25
2024-06-26,26,Wednesday,26,June,6,Q2,2024,Jun-2024,FY2024-25
2024-06-27,27,Thursday,26,June,6,Q2,2024,Jun-2024,FY2024-25
2024-06-28,28,Friday,26,June,6,Q2,2024,Jun-2024,FY2024-25
2024-06-29,29,Saturday,26,June,6,Q2,2024,Jun-2024,FY2024-25
2024-06-30,30,Sunday,26,June,6,Q2,2024,Jun-2024,FY2024-25
2024-07-01,1,Monday,27,July,7,Q3,2024,Jul-2024,FY2024-25
2024-07-02,2,Tuesday,27,July,7,Q3,2024,Jul-2024,FY2024-25
2024-07-03,3,Wednesday,27,July,7,Q3,2024,Jul-2024,FY2024-25
2024-07-04,4,Thursday,27,July,7,Q3,2024,Jul-2024,FY2024-25
2024-07-05,5,Friday,27,July,7,Q3,2024,Jul-2024,FY2024-25
2024-07-06,6,Saturday,27,July,7,Q3,2024,Jul-2024,FY2024-25
2024-07-07,7,Sunday,27,July,7,Q3,2024,Jul-2024,FY2024-25
2024-07-08,8,Monday,28,July,7,Q3,2024,Jul-2024,FY2024-25
2024-07-09,9,Tuesday,28,July,7,Q3,2024,Jul-2024,FY2024-25
2024-07-10,10,Wednesday,28,July,7,Q3,2024,Jul-2024,FY2024-25
2024-07-11,11,Thursday,28,July,7,Q3,2024,Jul-2024,FY2024-25
2024-07-12,12,Friday,28,July,7,Q3,2024,Jul-2024,FY2024-25
2024-07-13,13,Saturday,28,July,7,Q3,2024,Jul-2024,FY2024-25
2024-07-14,14,Sunday,28,July,7,Q3,2024,Jul-2024,FY2024-25
2024-07-15,15,Monday,29,July,7,Q3,2024,Jul-2024,FY2024-25
2024-07-16,16,Tuesday,29,July,7,Q3,2024,Jul-2024,FY2024-25
2024-07-17,17,Wednesday,29,July,7,Q3,2024,Jul-2024,FY2024-25
2024-07-18,18,Thursday,29,July,7,Q3,2024,Jul-2024,FY2024-25
2024-07-19,19,Friday,29,July,7,Q3,2024,Jul-2024,FY2024-25
2024-07-20,20,Saturday,29,July,7,Q3,2024,Jul-2024,FY2024-25
2024-07-21,21,Sunday,29,July,7,Q3,2024,Jul-2024,FY2024-25
2024-07-22,22,Monday,30,July,7,Q3,2024,Jul-2024,FY2024-25
2024-07-23,23,Tuesday,30,July,7,Q3,2024,Jul-2024,FY2024-25
2024-07-24,24,Wednesday,30,July,7,Q3,2024,Jul-2024,FY2024-25
2024-07-25,25,Thursday,30,July,7,Q3,2024,Jul-2024,FY2024-25
2024-07-26,26,Friday,30,July,7,Q3,2024,Jul-2024,FY2024-25
2024-07-27,27,Saturday,30,July,7,Q3,2024,Jul-2024,FY2024-25
2024-07-28,28,Sunday,30,July,7,Q3,2024,Jul-2024,FY2024-25
2024-07-29,29,Monday,31,July,7,Q3,2024,Jul-2024,FY2024-25
2024-07-30,30,Tuesday,31,July,7,Q3,2024,Jul-2024,FY2024-25
2024-07-31,31,Wednesday,31,July,7,Q3,2024,Jul-2024,FY2024-25
2024-08-01,1,Thursday,31,August,8,Q3,2024,Aug-2024,FY2024-25
2024-08-02,2,Friday,31,August,8,Q3,2024,Aug-2024,FY2024-25
2024-08-03,3,Saturday,31,August,8,Q3,2024,Aug-2024,FY2024-25
2024-08-04,4,Sunday,31,August,8,Q3,2024,Aug-2024,FY2024-25
2024-08-05,5,Monday,32,August,8,Q3,2024,Aug-2024,FY2024-25
2024-08-06,6,Tuesday,32,August,8,Q3,2024,Aug-2024,FY2024-25
2024-08-07,7,Wednesday,32,August,8,Q3,2024,Aug-2024,FY2024-25
2024-08-08,8,Thursday,32,August,8,Q3,2024,Aug-2024,FY2024-25
2024-08-09,9,Friday,32,August,8,Q3,2024,Aug-2024,FY2024-25
2024-08-10,10,Saturday,32,August,8,Q3,2024,Aug-2024,FY2024-25
2024-08-11,11,Sunday,32,August,8,Q3,2024,Aug-2024,FY2024-25
2024-08-12,12,Monday,33,August,8,Q3,2024,Aug-2024,FY2024-25
2024-08-13,13,Tuesday,33,August,8,Q3,2024,Aug-2024,FY2024-25
2024-08-14,14,Wednesday,33,August,8,Q3,2024,Aug-2024,FY2024-25
2024-08-15,15,Thursday,33,August,8,Q3,2024,Aug-2024,FY2024-25
2024-08-16,16,Friday,33,August,8,Q3,2024,Aug-2024,FY2024-25
2024-08-17,17,Saturday,33,August,8,Q3,2024,Aug-2024,FY2024-25
2024-08-18,18,Sunday,33,August,8,Q3,2024,Aug-2024,FY2024-25
2024-08-19,19,Monday,34,August,8,Q3,2024,Aug-2024,FY2024-25
2024-08-20,20,Tuesday,34,August,8,Q3,2024,Aug-2024,FY2024-25
2024-08-21,21,Wednesday,34,August,8,Q3,2024,Aug-2024,FY2024-25
2024-08-22,22,Thursday,34,August,8,Q3,2024,Aug-2024,FY2024-25
2024-08-23,23,Friday,34,August,8,Q3,2024,Aug-2024,FY2024-25
2024-08-24,24,Saturday,34,August,8,Q3,2024,Aug-2024,FY2024-25
2024-08-25,25,Sunday,34,August,8,Q3,2024,Aug-2024,FY2024-25
2024-08-26,26,Monday,35,August,8,Q3,2024,Aug-2024,FY2024-25
2024-08-27,27,Tuesday,35,August,8,Q3,2024,Aug-2024,FY2024-25
2024-08-28,28,Wednesday,35,August,8,Q3,2024,Aug-2024,FY2024-25
2024-08-29,29,Thursday,35,August,8,Q3,2024,Aug-2024,FY2024-25
2024-08-30,30,Friday,35,August,8,Q3,2024,Aug-2024,FY2024-25
2024-08-31,31,Saturday,35,August,8,Q3,2024,Aug-2024,FY2024-25
2024-09-01,1,Sunday,35,September,9,Q3,2024,Sep-2024,FY2024-25
2024-09-02,2,Monday,36,September,9,Q3,2024,Sep-2024,FY2024-25
2024-09-03,3,Tuesday,36,September,9,Q3,2024,Sep-2024,FY2024-25
2024-09-04,4,Wednesday,36,September,9,Q3,2024,Sep-2024,FY2024-25
2024-09-05,5,Thursday,36,September,9,Q3,2024,Sep-2024,FY2024-25
2024-09-06,6,Friday,36,September,9,Q3,2024,Sep-2024,FY2024-25
2024-09-07,7,Saturday,36,September,9,Q3,2024,Sep-2024,FY2024-25
2024-09-08,8,Sunday,36,September,9,Q3,2024,Sep-2024,FY2024-25
2024-09-09,9,Monday,37,September,9,Q3,2024,Sep-2024,FY2024-25
2024-09-10,10,Tuesday,37,September,9,Q3,2024,Sep-2024,FY2024-25
2024-09-11,11,Wednesday,37,September,9,Q3,2024,Sep-2024,FY2024-25
2024-09-12,12,Thursday,37,September,9,Q3,2024,Sep-2024,FY2024-25
2024-09-13,13,Friday,37,September,9,Q3,2024,Sep-2024,FY2024-25
2024-09-14,14,Saturday,37,September,9,Q3,2024,Sep-2024,FY2024-25
2024-09-15,15,Sunday,37,September,9,Q3,2024,Sep-2024,FY2024-25
2024-09-16,16,Monday,38,September,9,Q3,2024,Sep-2024,FY2024-25
2024-09-17,17,Tuesday,38,September,9,Q3,2024,Sep-2024,FY2024-25
2024-09-18,18,Wednesday,38,September,9,Q3,2024,Sep-2024,FY2024-25
2024-09-19,19,Thursday,38,September,9,Q3,2024,Sep-2024,FY2024-25
2024-09-20,20,Friday,38,September,9,Q3,2024,Sep-2024,FY2024-25
2024-09-21,21,Saturday,38,September,9,Q3,2024,Sep-2024,FY2024-25
2024-09-22,22,Sunday,38,September,9,Q3,2024,Sep-2024,FY2024-25
2024-09-23,23,Monday,39,September,9,Q3,2024,Sep-2024,FY2024-25
2024-09-24,24,Tuesday,39,September,9,Q3,2024,Sep-2024,FY2024-25
2024-09-25,25,Wednesday,39,September,9,Q3,2024,Sep-2024,FY2024-25
2024-09-26,26,Thursday,39,September,9,Q3,2024,Sep-2024,FY2024-25
2024-09-27,27,Friday,39,September,9,Q3,2024,Sep-2024,FY2024-25
2024-09-28,28,Saturday,39,September,9,Q3,2024,Sep-2024,FY2024-25
2024-09-29,29,Sunday,39,September,9,Q3,2024,Sep-2024,FY2024-25
2024-09-30,30,Monday,40,September,9,Q3,2024,Sep-2024,FY2024-25
2024-10-01,1,Tuesday,40,October,10,Q4,2024,Oct-2024,FY2024-25
2024-10-02,2,Wednesday,40,October,10,Q4,2024,Oct-2024,FY2024-25
2024-10-03,3,Thursday,40,October,10,Q4,2024,Oct-2024,FY2024-25
2024-10-04,4,Friday,40,October,10,Q4,2024,Oct-2024,FY2024-25
2024-10-05,5,Saturday,40,October,10,Q4,2024,Oct-2024,FY2024-25
2024-10-06,6,Sunday,40,October,10,Q4,2024,Oct-2024,FY2024-25
2024-10-07,7,Monday,41,October,10,Q4,2024,Oct-2024,FY2024-25
2024-10-08,8,Tuesday,41,October,10,Q4,2024,Oct-2024,FY2024-25
2024-10-09,9,Wednesday,41,October,10,Q4,2024,Oct-2024,FY2024-25
2024-10-10,10,Thursday,41,October,10,Q4,2024,Oct-2024,FY2024-25
2024-10-11,11,Friday,41,October,10,Q4,2024,Oct-2024,FY2024-25
2024-10-12,12,Saturday,41,October,10,Q4,2024,Oct-2024,FY2024-25
2024-10-13,13,Sunday,41,October,10,Q4,2024,Oct-2024,FY2024-25
2024-10-14,14,Monday,42,October,10,Q4,2024,Oct-2024,FY2024-25
2024-10-15,15,Tuesday,42,October,10,Q4,2024,Oct-2024,FY2024-25
2024-10-16,16,Wednesday,42,October,10,Q4,2024,Oct-2024,FY2024-25
2024-10-17,17,Thursday,42,October,10,Q4,2024,Oct-2024,FY2024-25
2024-10-18,18,Friday,42,October,10,Q4,2024,Oct-2024,FY2024-25
2024-10-19,19,Saturday,42,October,10,Q4,2024,Oct-2024,FY2024-25
2024-10-20,20,Sunday,42,October,10,Q4,2024,Oct-2024,FY2024-25
2024-10-21,21,Monday,43,October,10,Q4,2024,Oct-2024,FY2024-25
2024-10-22,22,Tuesday,43,October,10,Q4,2024,Oct-2024,FY2024-25
2024-10-23,23,Wednesday,43,October,10,Q4,2024,Oct-2024,FY2024-25
2024-10-24,24,Thursday,43,October,10,Q4,2024,Oct-2024,FY2024-25
2024-10-25,25,Friday,43,October,10,Q4,2024,Oct-2024,FY2024-25
2024-10-26,26,Saturday,43,October,10,Q4,2024,Oct-2024,FY2024-25
2024-10-27,27,Sunday,43,October,10,Q4,2024,Oct-2024,FY2024-25
2024-10-28,28,Monday,44,October,10,Q4,2024,Oct-2024,FY2024-25
2024-10-29,29,Tuesday,44,October,10,Q4,2024,Oct-2024,FY2024-25
2024-10-30,30,Wednesday,44,October,10,Q4,2024,Oct-2024,FY2024-25
2024-10-31,31,Thursday,44,October,10,Q4,2024,Oct-2024,FY2024-25
2024-11-01,1,Friday,44,November,11,Q4,2024,Nov-2024,FY2024-25
2024-11-02,2,Saturday,44,November,11,Q4,2024,Nov-2024,FY2024-25
2024-11-03,3,Sunday,44,November,11,Q4,2024,Nov-2024,FY2024-25
2024-11-04,4,Monday,45,November,11,Q4,2024,Nov-2024,FY2024-25
2024-11-05,5,Tuesday,45,November,11,Q4,2024,Nov-2024,FY2024-25
2024-11-06,6,Wednesday,45,November,11,Q4,2024,Nov-2024,FY2024-25
2024-11-07,7,Thursday,45,November,11,Q4,2024,Nov-2024,FY2024-25
2024-11-08,8,Friday,45,November,11,Q4,2024,Nov-2024,FY2024-25
2024-11-09,9,Saturday,45,November,11,Q4,2024,Nov-2024,FY2024-25
2024-11-10,10,Sunday,45,November,11,Q4,2024,Nov-2024,FY2024-25
2024-11-11,11,Monday,46,November,11,Q4,2024,Nov-2024,FY2024-25
2024-11-12,12,Tuesday,46,November,11,Q4,2024,Nov-2024,FY2024-25
2024-11-13,13,Wednesday,46,November,11,Q4,2024,Nov-2024,FY2024-25
2024-11-14,14,Thursday,46,November,11,Q4,2024,Nov-2024,FY2024-25
2024-11-15,15,Friday,46,November,11,Q4,2024,Nov-2024,FY2024-25
2024-11-16,16,Saturday,46,November,11,Q4,2024,Nov-2024,FY2024-25
2024-11-17,17,Sunday,46,November,11,Q4,2024,Nov-2024,FY2024-25
2024-11-18,18,Monday,47,November,11,Q4,2024,Nov-2024,FY2024-25
2024-11-19,19,Tuesday,47,November,11,Q4,2024,Nov-2024,FY2024-25
2024-11-20,20,Wednesday,47,November,11,Q4,2024,Nov-2024,FY2024-25
2024-11-21,21,Thursday,47,November,11,Q4,2024,Nov-2024,FY2024-25
2024-11-22,22,Friday,47,November,11,Q4,2024,Nov-2024,FY2024-25
2024-11-23,23,Saturday,47,November,11,Q4,2024,Nov-2024,FY2024-25
2024-11-24,24,Sunday,47,November,11,Q4,2024,Nov-2024,FY2024-25
2024-11-25,25,Monday,48,November,11,Q4,2024,Nov-2024,FY2024-25
2024-11-26,26,Tuesday,48,November,11,Q4,2024,Nov-2024,FY2024-25
2024-11-27,27,Wednesday,48,November,11,Q4,2024,Nov-2024,FY2024-25
2024-11-28,28,Thursday,48,November,11,Q4,2024,Nov-2024,FY2024-25
2024-11-29,29,Friday,48,November,11,Q4,2024,Nov-2024,FY2024-25
2024-11-30,30,Saturday,48,November,11,Q4,2024,Nov-2024,FY2024-25
2024-12-01,1,Sunday,48,December,12,Q4,2024,Dec-2024,FY2024-25
2024-12-02,2,Monday,49,December,12,Q4,2024,Dec-2024,FY2024-25
2024-12-03,3,Tuesday,49,December,12,Q4,2024,Dec-2024,FY2024-25
2024-12-04,4,Wednesday,49,December,12,Q4,2024,Dec-2024,FY2024-25
2024-12-05,5,Thursday,49,December,12,Q4,2024,Dec-2024,FY2024-25
2024-12-06,6,Friday,49,December,12,Q4,2024,Dec-2024,FY2024-25
2024-12-07,7,Saturday,49,December,12,Q4,2024,Dec-2024,FY2024-25
2024-12-08,8,Sunday,49,December,12,Q4,2024,Dec-2024,FY2024-25
2024-12-09,9,Monday,50,December,12,Q4,2024,Dec-2024,FY2024-25
2024-12-10,10,Tuesday,50,December,12,Q4,2024,Dec-2024,FY2024-25
2024-12-11,11,Wednesday,50,December,12,Q4,2024,Dec-2024,FY2024-25
2024-12-12,12,Thursday,50,December,12,Q4,2024,Dec-2024,FY2024-25
2024-12-13,13,Friday,50,December,12,Q4,2024,Dec-2024,FY2024-25
2024-12-14,14,Saturday,50,December,12,Q4,2024,Dec-2024,FY2024-25
2024-12-15,15,Sunday,50,December,12,Q4,2024,Dec-2024,FY2024-25
2024-12-16,16,Monday,51,December,12,Q4,2024,Dec-2024,FY2024-25
2024-12-17,17,Tuesday,51,December,12,Q4,2024,Dec-2024,FY2024-25
2024-12-18,18,Wednesday,51,December,12,Q4,2024,Dec-2024,FY2024-25
2024-12-19,19,Thursday,51,December,12,Q4,2024,Dec-2024,FY2024-25
2024-12-20,20,Friday,51,December,12,Q4,2024,Dec-2024,FY2024-25
2024-12-21,21,Saturday,51,December,12,Q4,2024,Dec-2024,FY2024-25
2024-12-22,22,Sunday,51,December,12,Q4,2024,Dec-2024,FY2024-25
2024-12-23,23,Monday,52,December,12,Q4,2024,Dec-2024,FY2024-25
2024-12-24,24,Tuesday,52,December,12,Q4,2024,Dec-2024,FY2024-25
2024-12-25,25,Wednesday,52,December,12,Q4,2024,Dec-2024,FY2024-25
2024-12-26,26,Thursday,52,December,12,Q4,2024,Dec-2024,FY2024-25
2024-12-27,27,Friday,52,December,12,Q4,2024,Dec-2024,FY2024-25
2024-12-28,28,Saturday,52,December,12,Q4,2024,Dec-2024,FY2024-25
2024-12-29,29,Sunday,52,December,12,Q4,2024,Dec-2024,FY2024-25
2024-12-30,30,Monday,1,December,12,Q4,2024,Dec-2024,FY2024-25
2024-12-31,31,Tuesday,1,December,12,Q4,2024,Dec-2024,FY2024-25
2025-01-01,1,Wednesday,1,January,1,Q1,2025,Jan-2025,FY2024-25
2025-01-02,2,Thursday,1,January,1,Q1,2025,Jan-2025,FY2024-25
2025-01-03,3,Friday,1,January,1,Q1,2025,Jan-2025,FY2024-25
2025-01-04,4,Saturday,1,January,1,Q1,2025,Jan-2025,FY2024-25
2025-01-05,5,Sunday,1,January,1,Q1,2025,Jan-2025,FY2024-25
2025-01-06,6,Monday,2,January,1,Q1,2025,Jan-2025,FY2024-25
2025-01-07,7,Tuesday,2,January,1,Q1,2025,Jan-2025,FY2024-25
2025-01-08,8,Wednesday,2,January,1,Q1,2025,Jan-2025,FY2024-25
2025-01-09,9,Thursday,2,January,1,Q1,2025,Jan-2025,FY2024-25
2025-01-10,10,Friday,2,January,1,Q1,2025,Jan-2025,FY2024-25
2025-01-11,11,Saturday,2,January,1,Q1,2025,Jan-2025,FY2024-25
2025-01-12,12,Sunday,2,January,1,Q1,2025,Jan-2025,FY2024-25
2025-01-13,13,Monday,3,January,1,Q1,2025,Jan-2025,FY2024-25
2025-01-14,14,Tuesday,3,January,1,Q1,2025,Jan-2025,FY2024-25
2025-01-15,15,Wednesday,3,January,1,Q1,2025,Jan-2025,FY2024-25
2025-01-16,16,Thursday,3,January,1,Q1,2025,Jan-2025,FY2024-25
2025-01-17,17,Friday,3,January,1,Q1,2025,Jan-2025,FY2024-25
2025-01-18,18,Saturday,3,January,1,Q1,2025,Jan-2025,FY2024-25
2025-01-19,19,Sunday,3,January,1,Q1,2025,Jan-2025,FY2024-25
2025-01-20,20,Monday,4,January,1,Q1,2025,Jan-2025,FY2024-25
2025-01-21,21,Tuesday,4,January,1,Q1,2025,Jan-2025,FY2024-25
2025-01-22,22,Wednesday,4,January,1,Q1,2025,Jan-2025,FY2024-25
2025-01-23,23,Thursday,4,January,1,Q1,2025,Jan-2025,FY2024-25
2025-01-24,24,Friday,4,January,1,Q1,2025,Jan-2025,FY2024-25
2025-01-25,25,Saturday,4,January,1,Q1,2025,Jan-2025,FY2024-25
2025-01-26,26,Sunday,4,January,1,Q1,2025,Jan-2025,FY2024-25
2025-01-27,27,Monday,5,January,1,Q1,2025,Jan-2025,FY2024-25
2025-01-28,28,Tuesday,5,January,1,Q1,2025,Jan-2025,FY2024-25
2025-01-29,29,Wednesday,5,January,1,Q1,2025,Jan-2025,FY2024-25
2025-01-30,30,Thursday,5,January,1,Q1,2025,Jan-2025,FY2024-25
2025-01-31,31,Friday,5,January,1,Q1,2025,Jan-2025,FY2024-25
2025-02-01,1,Saturday,5,February,2,Q1,2025,Feb-2025,FY2024-25
2025-02-02,2,Sunday,5,February,2,Q1,2025,Feb-2025,FY2024-25
2025-02-03,3,Monday,6,February,2,Q1,2025,Feb-2025,FY2024-25
2025-02-04,4,Tuesday,6,February,2,Q1,2025,Feb-2025,FY2024-25
2025-02-05,5,Wednesday,6,February,2,Q1,2025,Feb-2025,FY2024-25
2025-02-06,6,Thursday,6,February,2,Q1,2025,Feb-2025,FY2024-25
2025-02-07,7,Friday,6,February,2,Q1,2025,Feb-2025,FY2024-25
2025-02-08,8,Saturday,6,February,2,Q1,2025,Feb-2025,FY2024-25
2025-02-09,9,Sunday,6,February,2,Q1,2025,Feb-2025,FY2024-25
2025-02-10,10,Monday,7,February,2,Q1,2025,Feb-2025,FY2024-25
2025-02-11,11,Tuesday,7,February,2,Q1,2025,Feb-2025,FY2024-25
2025-02-12,12,Wednesday,7,February,2,Q1,2025,Feb-2025,FY2024-25
2025-02-13,13,Thursday,7,February,2,Q1,2025,Feb-2025,FY2024-25
2025-02-14,14,Friday,7,February,2,Q1,2025,Feb-2025,FY2024-25
2025-02-15,15,Saturday,7,February,2,Q1,2025,Feb-2025,FY2024-25
2025-02-16,16,Sunday,7,February,2,Q1,2025,Feb-2025,FY2024-25
2025-02-17,17,Monday,8,February,2,Q1,2025,Feb-2025,FY2024-25
2025-02-18,18,Tuesday,8,February,2,Q1,2025,Feb-2025,FY2024-25
2025-02-19,19,Wednesday,8,February,2,Q1,2025,Feb-2025,FY2024-25
2025-02-20,20,Thursday,8,February,2,Q1,2025,Feb-2025,FY2024-25
2025-02-21,21,Friday,8,February,2,Q1,2025,Feb-2025,FY2024-25
2025-02-22,22,Saturday,8,February,2,Q1,2025,Feb-2025,FY2024-25
2025-02-23,23,Sunday,8,February,2,Q1,2025,Feb-2025,FY2024-25
2025-02-24,24,Monday,9,February,2,Q1,2025,Feb-2025,FY2024-25
2025-02-25,25,Tuesday,9,February,2,Q1,2025,Feb-2025,FY2024-25
2025-02-26,26,Wednesday,9,February,2,Q1,2025,Feb-2025,FY2024-25
2025-02-27,27,Thursday,9,February,2,Q1,2025,Feb-2025,FY2024-25
2025-02-28,28,Friday,9,February,2,Q1,2025,Feb-2025,FY2024-25
2025-03-01,1,Saturday,9,March,3,Q1,2025,Mar-2025,FY2024-25
2025-03-02,2,Sunday,9,March,3,Q1,2025,Mar-2025,FY2024-25
2025-03-03,3,Monday,10,March,3,Q1,2025,Mar-2025,FY2024-25
2025-03-04,4,Tuesday,10,March,3,Q1,2025,Mar-2025,FY2024-25
2025-03-05,5,Wednesday,10,March,3,Q1,2025,Mar-2025,FY2024-25
2025-03-06,6,Thursday,10,March,3,Q1,2025,Mar-2025,FY2024-25
2025-03-07,7,Friday,10,March,3,Q1,2025,Mar-2025,FY2024-25
2025-03-08,8,Saturday,10,March,3,Q1,2025,Mar-2025,FY2024-25
2025-03-09,9,Sunday,10,March,3,Q1,2025,Mar-2025,FY2024-25
2025-03-10,10,Monday,11,March,3,Q1,2025,Mar-2025,FY2024-25
2025-03-11,11,Tuesday,11,March,3,Q1,2025,Mar-2025,FY2024-25
2025-03-12,12,Wednesday,11,March,3,Q1,2025,Mar-2025,FY2024-25
2025-03-13,13,Thursday,11,March,3,Q1,2025,Mar-2025,FY2024-25
2025-03-14,14,Friday,11,March,3,Q1,2025,Mar-2025,FY2024-25
2025-03-15,15,Saturday,11,March,3,Q1,2025,Mar-2025,FY2024-25
2025-03-16,16,Sunday,11,March,3,Q1,2025,Mar-2025,FY2024-25
2025-03-17,17,Monday,12,March,3,Q1,2025,Mar-2025,FY2024-25
2025-03-18,18,Tuesday,12,March,3,Q1,2025,Mar-2025,FY2024-25
2025-03-19,19,Wednesday,12,March,3,Q1,2025,Mar-2025,FY2024-25
2025-03-20,20,Thursday,12,March,3,Q1,2025,Mar-2025,FY2024-25
2025-03-21,21,Friday,12,March,3,Q1,2025,Mar-2025,FY2024-25
2025-03-22,22,Saturday,12,March,3,Q1,2025,Mar-2025,FY2024-25
2025-03-23,23,Sunday,12,March,3,Q1,2025,Mar-2025,FY2024-25
2025-03-24,24,Monday,13,March,3,Q1,2025,Mar-2025,FY2024-25
2025-03-25,25,Tuesday,13,March,3,Q1,2025,Mar-2025,FY2024-25
2025-03-26,26,Wednesday,13,March,3,Q1,2025,Mar-2025,FY2024-25
2025-03-27,27,Thursday,13,March,3,Q1,2025,Mar-2025,FY2024-25
2025-03-28,28,Friday,13,March,3,Q1,2025,Mar-2025,FY2024-25
2025-03-29,29,Saturday,13,March,3,Q1,2025,Mar-2025,FY2024-25
2025-03-30,30,Sunday,13,March,3,Q1,2025,Mar-2025,FY2024-25
2025-03-31,31,Monday,14,March,3,Q1,2025,Mar-2025,FY2024-25
2025-04-01,1,Tuesday,14,April,4,Q2,2025,Apr-2025,FY2025-26
2025-04-02,2,Wednesday,14,April,4,Q2,2025,Apr-2025,FY2025-26
2025-04-03,3,Thursday,14,April,4,Q2,2025,Apr-2025,FY2025-26
2025-04-04,4,Friday,14,April,4,Q2,2025,Apr-2025,FY2025-26
2025-04-05,5,Saturday,14,April,4,Q2,2025,Apr-2025,FY2025-26
2025-04-06,6,Sunday,14,April,4,Q2,2025,Apr-2025,FY2025-26
2025-04-07,7,Monday,15,April,4,Q2,2025,Apr-2025,FY2025-26
2025-04-08,8,Tuesday,15,April,4,Q2,2025,Apr-2025,FY2025-26
2025-04-09,9,Wednesday,15,April,4,Q2,2025,Apr-2025,FY2025-26
2025-04-10,10,Thursday,15,April,4,Q2,2025,Apr-2025,FY2025-26
2025-04-11,11,Friday,15,April,4,Q2,2025,Apr-2025,FY2025-26
2025-04-12,12,Saturday,15,April,4,Q2,2025,Apr-2025,FY2025-26
2025-04-13,13,Sunday,15,April,4,Q2,2025,Apr-2025,FY2025-26
2025-04-14,14,Monday,16,April,4,Q2,2025,Apr-2025,FY2025-26
2025-04-15,15,Tuesday,16,April,4,Q2,2025,Apr-2025,FY2025-26
2025-04-16,16,Wednesday,16,April,4,Q2,2025,Apr-2025,FY2025-26
2025-04-17,17,Thursday,16,April,4,Q2,2025,Apr-2025,FY2025-26
2025-04-18,18,Friday,16,April,4,Q2,2025,Apr-2025,FY2025-26
2025-04-19,19,Saturday,16,April,4,Q2,2025,Apr-2025,FY2025-26
2025-04-20,20,Sunday,16,April,4,Q2,2025,Apr-2025,FY2025-26
2025-04-21,21,Monday,17,April,4,Q2,2025,Apr-2025,FY2025-26
2025-04-22,22,Tuesday,17,April,4,Q2,2025,Apr-2025,FY2025-26
2025-04-23,23,Wednesday,17,April,4,Q2,2025,Apr-2025,FY2025-26
2025-04-24,24,Thursday,17,April,4,Q2,2025,Apr-2025,FY2025-26
2025-04-25,25,Friday,17,April,4,Q2,2025,Apr-2025,FY2025-26
2025-04-26,26,Saturday,17,April,4,Q2,2025,Apr-2025,FY2025-26
2025-04-27,27,Sunday,17,April,4,Q2,2025,Apr-2025,FY2025-26
2025-04-28,28,Monday,18,April,4,Q2,2025,Apr-2025,FY2025-26
2025-04-29,29,Tuesday,18,April,4,Q2,2025,Apr-2025,FY2025-26
2025-04-30,30,Wednesday,18,April,4,Q2,2025,Apr-2025,FY2025-26
2025-05-01,1,Thursday,18,May,5,Q2,2025,May-2025,FY2025-26
2025-05-02,2,Friday,18,May,5,Q2,2025,May-2025,FY2025-26
2025-05-03,3,Saturday,18,May,5,Q2,2025,May-2025,FY2025-26
2025-05-04,4,Sunday,18,May,5,Q2,2025,May-2025,FY2025-26
2025-05-05,5,Monday,19,May,5,Q2,2025,May-2025,FY2025-26
2025-05-06,6,Tuesday,19,May,5,Q2,2025,May-2025,FY2025-26
2025-05-07,7,Wednesday,19,May,5,Q2,2025,May-2025,FY2025-26
2025-05-08,8,Thursday,19,May,5,Q2,2025,May-2025,FY2025-26
2025-05-09,9,Friday,19,May,5,Q2,2025,May-2025,FY2025-26
2025-05-10,10,Saturday,19,May,5,Q2,2025,May-2025,FY2025-26
2025-05-11,11,Sunday,19,May,5,Q2,2025,May-2025,FY2025-26
2025-05-12,12,Monday,20,May,5,Q2,2025,May-2025,FY2025-26
2025-05-13,13,Tuesday,20,May,5,Q2,2025,May-2025,FY2025-26
2025-05-14,14,Wednesday,20,May,5,Q2,2025,May-2025,FY2025-26
2025-05-15,15,Thursday,20,May,5,Q2,2025,May-2025,FY2025-26
2025-05-16,16,Friday,20,May,5,Q2,2025,May-2025,FY2025-26
2025-05-17,17,Saturday,20,May,5,Q2,2025,May-2025,FY2025-26
2025-05-18,18,Sunday,20,May,5,Q2,2025,May-2025,FY2025-26
2025-05-19,19,Monday,21,May,5,Q2,2025,May-2025,FY2025-26
2025-05-20,20,Tuesday,21,May,5,Q2,2025,May-2025,FY2025-26
2025-05-21,21,Wednesday,21,May,5,Q2,2025,May-2025,FY2025-26
2025-05-22,22,Thursday,21,May,5,Q2,2025,May-2025,FY2025-26
2025-05-23,23,Friday,21,May,5,Q2,2025,May-2025,FY2025-26
2025-05-24,24,Saturday,21,May,5,Q2,2025,May-2025,FY2025-26
2025-05-25,25,Sunday,21,May,5,Q2,2025,May-2025,FY2025-26
2025-05-26,26,Monday,22,May,5,Q2,2025,May-2025,FY2025-26
2025-05-27,27,Tuesday,22,May,5,Q2,2025,May-2025,FY2025-26
2025-05-28,28,Wednesday,22,May,5,Q2,2025,May-2025,FY2025-26
2025-05-29,29,Thursday,22,May,5,Q2,2025,May-2025,FY2025-26
2025-05-30,30,Friday,22,May,5,Q2,2025,May-2025,FY2025-26
2025-05-31,31,Saturday,22,May,5,Q2,2025,May-2025,FY2025-26
2025-06-01,1,Sunday,22,June,6,Q2,2025,Jun-2025,FY2025-26
2025-06-02,2,Monday,23,June,6,Q2,2025,Jun-2025,FY2025-26
2025-06-03,3,Tuesday,23,June,6,Q2,2025,Jun-2025,FY2025-26
2025-06-04,4,Wednesday,23,June,6,Q2,2025,Jun-2025,FY2025-26
2025-06-05,5,Thursday,23,June,6,Q2,2025,Jun-2025,FY2025-26
2025-06-06,6,Friday,23,June,6,Q2,2025,Jun-2025,FY2025-26
2025-06-07,7,Saturday,23,June,6,Q2,2025,Jun-2025,FY2025-26
2025-06-08,8,Sunday,23,June,6,Q2,2025,Jun-2025,FY2025-26
2025-06-09,9,Monday,24,June,6,Q2,2025,Jun-2025,FY2025-26
2025-06-10,10,Tuesday,24,June,6,Q2,2025,Jun-2025,FY2025-26
2025-06-11,11,Wednesday,24,June,6,Q2,2025,Jun-2025,FY2025-26
2025-06-12,12,Thursday,24,June,6,Q2,2025,Jun-2025,FY2025-26
2025-06-13,13,Friday,24,June,6,Q2,2025,Jun-2025,FY2025-26
2025-06-14,14,Saturday,24,June,6,Q2,2025,Jun-2025,FY2025-26
2025-06-15,15,Sunday,24,June,6,Q2,2025,Jun-2025,FY2025-26
2025-06-16,16,Monday,25,June,6,Q2,2025,Jun-2025,FY2025-26
2025-06-17,17,Tuesday,25,June,6,Q2,2025,Jun-2025,FY2025-26
2025-06-18,18,Wednesday,25,June,6,Q2,2025,Jun-2025,FY2025-26
2025-06-19,19,Thursday,25,June,6,Q2,2025,Jun-2025,FY2025-26
2025-06-20,20,Friday,25,June,6,Q2,2025,Jun-2025,FY2025-26
2025-06-21,21,Saturday,25,June,6,Q2,2025,Jun-2025,FY2025-26
2025-06-22,22,Sunday,25,June,6,Q2,2025,Jun-2025,FY2025-26
2025-06-23,23,Monday,26,June,6,Q2,2025,Jun-2025,FY2025-26
2025-06-24,24,Tuesday,26,June,6,Q2,2025,Jun-2025,FY2025-26
2025-06-25,25,Wednesday,26,June,6,Q2,2025,Jun-2025,FY2025-26
2025-06-26,26,Thursday,26,June,6,Q2,2025,Jun-2025,FY2025-26
2025-06-27,27,Friday,26,June,6,Q2,2025,Jun-2025,FY2025-26
2025-06-28,28,Saturday,26,June,6,Q2,2025,Jun-2025,FY2025-26
2025-06-29,29,Sunday,26,June,6,Q2,2025,Jun-2025,FY2025-26
2025-06-30,30,Monday,27,June,6,Q2,2025,Jun-2025,FY2025-26
2025-07-01,1,Tuesday,27,July,7,Q3,2025,Jul-2025,FY2025-26
2025-07-02,2,Wednesday,27,July,7,Q3,2025,Jul-2025,FY2025-26
2025-07-03,3,Thursday,27,July,7,Q3,2025,Jul-2025,FY2025-26
2025-07-04,4,Friday,27,July,7,Q3,2025,Jul-2025,FY2025-26
2025-07-05,5,Saturday,27,July,7,Q3,2025,Jul-2025,FY2025-26
2025-07-06,6,Sunday,27,July,7,Q3,2025,Jul-2025,FY2025-26
2025-07-07,7,Monday,28,July,7,Q3,2025,Jul-2025,FY2025-26
2025-07-08,8,Tuesday,28,July,7,Q3,2025,Jul-2025,FY2025-26
2025-07-09,9,Wednesday,28,July,7,Q3,2025,Jul-2025,FY2025-26
2025-07-10,10,Thursday,28,July,7,Q3,2025,Jul-2025,FY2025-26
2025-07-11,11,Friday,28,July,7,Q3,2025,Jul-2025,FY2025-26
2025-07-12,12,Saturday,28,July,7,Q3,2025,Jul-2025,FY2025-26
2025-07-13,13,Sunday,28,July,7,Q3,2025,Jul-2025,FY2025-26
2025-07-14,14,Monday,29,July,7,Q3,2025,Jul-2025,FY2025-26
2025-07-15,15,Tuesday,29,July,7,Q3,2025,Jul-2025,FY2025-26
2025-07-16,16,Wednesday,29,July,7,Q3,2025,Jul-2025,FY2025-26
2025-07-17,17,Thursday,29,July,7,Q3,2025,Jul-2025,FY2025-26
2025-07-18,18,Friday,29,July,7,Q3,2025,Jul-2025,FY2025-26
2025-07-19,19,Saturday,29,July,7,Q3,2025,Jul-2025,FY2025-26
2025-07-20,20,Sunday,29,July,7,Q3,2025,Jul-2025,FY2025-26
2025-07-21,21,Monday,30,July,7,Q3,2025,Jul-2025,FY2025-26
2025-07-22,22,Tuesday,30,July,7,Q3,2025,Jul-2025,FY2025-26
2025-07-23,23,Wednesday,30,July,7,Q3,2025,Jul-2025,FY2025-26
2025-07-24,24,Thursday,30,July,7,Q3,2025,Jul-2025,FY2025-26
2025-07-25,25,Friday,30,July,7,Q3,2025,Jul-2025,FY2025-26
2025-07-26,26,Saturday,30,July,7,Q3,2025,Jul-2025,FY2025-26
2025-07-27,27,Sunday,30,July,7,Q3,2025,Jul-2025,FY2025-26
2025-07-28,28,Monday,31,July,7,Q3,2025,Jul-2025,FY2025-26
2025-07-29,29,Tuesday,31,July,7,Q3,2025,Jul-2025,FY2025-26
2025-07-30,30,Wednesday,31,July,7,Q3,2025,Jul-2025,FY2025-26
2025-07-31,31,Thursday,31,July,7,Q3,2025,Jul-2025,FY2025-26
2025-08-01,1,Friday,31,August,8,Q3,2025,Aug-2025,FY2025-26
2025-08-02,2,Saturday,31,August,8,Q3,2025,Aug-2025,FY2025-26
2025-08-03,3,Sunday,31,August,8,Q3,2025,Aug-2025,FY2025-26
2025-08-04,4,Monday,32,August,8,Q3,2025,Aug-2025,FY2025-26
2025-08-05,5,Tuesday,32,August,8,Q3,2025,Aug-2025,FY2025-26
2025-08-06,6,Wednesday,32,August,8,Q3,2025,Aug-2025,FY2025-26
2025-08-07,7,Thursday,32,August,8,Q3,2025,Aug-2025,FY2025-26
2025-08-08,8,Friday,32,August,8,Q3,2025,Aug-2025,FY2025-26
2025-08-09,9,Saturday,32,August,8,Q3,2025,Aug-2025,FY2025-26
2025-08-10,10,Sunday,32,August,8,Q3,2025,Aug-2025,FY2025-26
2025-08-11,11,Monday,33,August,8,Q3,2025,Aug-2025,FY2025-26
2025-08-12,12,Tuesday,33,August,8,Q3,2025,Aug-2025,FY2025-26
2025-08-13,13,Wednesday,33,August,8,Q3,2025,Aug-2025,FY2025-26
2025-08-14,14,Thursday,33,August,8,Q3,2025,Aug-2025,FY2025-26
2025-08-15,15,Friday,33,August,8,Q3,2025,Aug-2025,FY2025-26
2025-08-16,16,Saturday,33,August,8,Q3,2025,Aug-2025,FY2025-26
2025-08-17,17,Sunday,33,August,8,Q3,2025,Aug-2025,FY2025-26
2025-08-18,18,Monday,34,August,8,Q3,2025,Aug-2025,FY2025-26
2025-08-19,19,Tuesday,34,August,8,Q3,2025,Aug-2025,FY2025-26
2025-08-20,20,Wednesday,34,August,8,Q3,2025,Aug-2025,FY2025-26
2025-08-21,21,Thursday,34,August,8,Q3,2025,Aug-2025,FY2025-26
2025-08-22,22,Friday,34,August,8,Q3,2025,Aug-2025,FY2025-26
2025-08-23,23,Saturday,34,August,8,Q3,2025,Aug-2025,FY2025-26
2025-08-24,24,Sunday,34,August,8,Q3,2025,Aug-2025,FY2025-26
2025-08-25,25,Monday,35,August,8,Q3,2025,Aug-2025,FY2025-26
2025-08-26,26,Tuesday,35,August,8,Q3,2025,Aug-2025,FY2025-26
2025-08-27,27,Wednesday,35,August,8,Q3,2025,Aug-2025,FY2025-26
2025-08-28,28,Thursday,35,August,8,Q3,2025,Aug-2025,FY2025-26
2025-08-29,29,Friday,35,August,8,Q3,2025,Aug-2025,FY2025-26
2025-08-30,30,Saturday,35,August,8,Q3,2025,Aug-2025,FY2025-26
2025-08-31,31,Sunday,35,August,8,Q3,2025,Aug-2025,FY2025-26
2025-09-01,1,Monday,36,September,9,Q3,2025,Sep-2025,FY2025-26
2025-09-02,2,Tuesday,36,September,9,Q3,2025,Sep-2025,FY2025-26
2025-09-03,3,Wednesday,36,September,9,Q3,2025,Sep-2025,FY2025-26
2025-09-04,4,Thursday,36,September,9,Q3,2025,Sep-2025,FY2025-26
2025-09-05,5,Friday,36,September,9,Q3,2025,Sep-2025,FY2025-26
2025-09-06,6,Saturday,36,September,9,Q3,2025,Sep-2025,FY2025-26
2025-09-07,7,Sunday,36,September,9,Q3,2025,Sep-2025,FY2025-26
2025-09-08,8,Monday,37,September,9,Q3,2025,Sep-2025,FY2025-26
2025-09-09,9,Tuesday,37,September,9,Q3,2025,Sep-2025,FY2025-26
2025-09-10,10,Wednesday,37,September,9,Q3,2025,Sep-2025,FY2025-26
2025-09-11,11,Thursday,37,September,9,Q3,2025,Sep-2025,FY2025-26
2025-09-12,12,Friday,37,September,9,Q3,2025,Sep-2025,FY2025-26
2025-09-13,13,Saturday,37,September,9,Q3,2025,Sep-2025,FY2025-26
2025-09-14,14,Sunday,37,September,9,Q3,2025,Sep-2025,FY2025-26
2025-09-15,15,Monday,38,September,9,Q3,2025,Sep-2025,FY2025-26
2025-09-16,16,Tuesday,38,September,9,Q3,2025,Sep-2025,FY2025-26
2025-09-17,17,Wednesday,38,September,9,Q3,2025,Sep-2025,FY2025-26
2025-09-18,18,Thursday,38,September,9,Q3,2025,Sep-2025,FY2025-26
2025-09-19,19,Friday,38,September,9,Q3,2025,Sep-2025,FY2025-26
2025-09-20,20,Saturday,38,September,9,Q3,2025,Sep-2025,FY2025-26
2025-09-21,21,Sunday,38,September,9,Q3,2025,Sep-2025,FY2025-26
2025-09-22,22,Monday,39,September,9,Q3,2025,Sep-2025,FY2025-26
2025-09-23,23,Tuesday,39,September,9,Q3,2025,Sep-2025,FY2025-26
2025-09-24,24,Wednesday,39,September,9,Q3,2025,Sep-2025,FY2025-26
2025-09-25,25,Thursday,39,September,9,Q3,2025,Sep-2025,FY2025-26
2025-09-26,26,Friday,39,September,9,Q3,2025,Sep-2025,FY2025-26
2025-09-27,27,Saturday,39,September,9,Q3,2025,Sep-2025,FY2025-26
2025-09-28,28,Sunday,39,September,9,Q3,2025,Sep-2025,FY2025-26
2025-09-29,29,Monday,40,September,9,Q3,2025,Sep-2025,FY2025-26
2025-09-30,30,Tuesday,40,September,9,Q3,2025,Sep-2025,FY2025-26
2025-10-01,1,Wednesday,40,October,10,Q4,2025,Oct-2025,FY2025-26
2025-10-02,2,Thursday,40,October,10,Q4,2025,Oct-2025,FY2025-26
2025-10-03,3,Friday,40,October,10,Q4,2025,Oct-2025,FY2025-26
2025-10-04,4,Saturday,40,October,10,Q4,2025,Oct-2025,FY2025-26
2025-10-05,5,Sunday,40,October,10,Q4,2025,Oct-2025,FY2025-26
2025-10-06,6,Monday,41,October,10,Q4,2025,Oct-2025,FY2025-26
2025-10-07,7,Tuesday,41,October,10,Q4,2025,Oct-2025,FY2025-26
2025-10-08,8,Wednesday,41,October,10,Q4,2025,Oct-2025,FY2025-26
2025-10-09,9,Thursday,41,October,10,Q4,2025,Oct-2025,FY2025-26
2025-10-10,10,Friday,41,October,10,Q4,2025,Oct-2025,FY2025-26
2025-10-11,11,Saturday,41,October,10,Q4,2025,Oct-2025,FY2025-26
2025-10-12,12,Sunday,41,October,10,Q4,2025,Oct-2025,FY2025-26
2025-10-13,13,Monday,42,October,10,Q4,2025,Oct-2025,FY2025-26
2025-10-14,14,Tuesday,42,October,10,Q4,2025,Oct-2025,FY2025-26
2025-10-15,15,Wednesday,42,October,10,Q4,2025,Oct-2025,FY2025-26
2025-10-16,16,Thursday,42,October,10,Q4,2025,Oct-2025,FY2025-26
2025-10-17,17,Friday,42,October,10,Q4,2025,Oct-2025,FY2025-26
2025-10-18,18,Saturday,42,October,10,Q4,2025,Oct-2025,FY2025-26
2025-10-19,19,Sunday,42,October,10,Q4,2025,Oct-2025,FY2025-26
2025-10-20,20,Monday,43,October,10,Q4,2025,Oct-2025,FY2025-26
2025-10-21,21,Tuesday,43,October,10,Q4,2025,Oct-2025,FY2025-26
2025-10-22,22,Wednesday,43,October,10,Q4,2025,Oct-2025,FY2025-26
2025-10-23,23,Thursday,43,October,10,Q4,2025,Oct-2025,FY2025-26
2025-10-24,24,Friday,43,October,10,Q4,2025,Oct-2025,FY2025-26
2025-10-25,25,Saturday,43,October,10,Q4,2025,Oct-2025,FY2025-26
2025-10-26,26,Sunday,43,October,10,Q4,2025,Oct-2025,FY2025-26
2025-10-27,27,Monday,44,October,10,Q4,2025,Oct-2025,FY2025-26
2025-10-28,28,Tuesday,44,October,10,Q4,2025,Oct-2025,FY2025-26
2025-10-29,29,Wednesday,44,October,10,Q4,2025,Oct-2025,FY2025-26
2025-10-30,30,Thursday,44,October,10,Q4,2025,Oct-2025,FY2025-26
2025-10-31,31,Friday,44,October,10,Q4,2025,Oct-2025,FY2025-26
2025-11-01,1,Saturday,44,November,11,Q4,2025,Nov-2025,FY2025-26
2025-11-02,2,Sunday,44,November,11,Q4,2025,Nov-2025,FY2025-26
2025-11-03,3,Monday,45,November,11,Q4,2025,Nov-2025,FY2025-26
2025-11-04,4,Tuesday,45,November,11,Q4,2025,Nov-2025,FY2025-26
2025-11-05,5,Wednesday,45,November,11,Q4,2025,Nov-2025,FY2025-26
2025-11-06,6,Thursday,45,November,11,Q4,2025,Nov-2025,FY2025-26
2025-11-07,7,Friday,45,November,11,Q4,2025,Nov-2025,FY2025-26
2025-11-08,8,Saturday,45,November,11,Q4,2025,Nov-2025,FY2025-26
2025-11-09,9,Sunday,45,November,11,Q4,2025,Nov-2025,FY2025-26
2025-11-10,10,Monday,46,November,11,Q4,2025,Nov-2025,FY2025-26
2025-11-11,11,Tuesday,46,November,11,Q4,2025,Nov-2025,FY2025-26
2025-11-12,12,Wednesday,46,November,11,Q4,2025,Nov-2025,FY2025-26
2025-11-13,13,Thursday,46,November,11,Q4,2025,Nov-2025,FY2025-26
2025-11-14,14,Friday,46,November,11,Q4,2025,Nov-2025,FY2025-26
2025-11-15,15,Saturday,46,November,11,Q4,2025,Nov-2025,FY2025-26
2025-11-16,16,Sunday,46,November,11,Q4,2025,Nov-2025,FY2025-26
2025-11-17,17,Monday,47,November,11,Q4,2025,Nov-2025,FY2025-26
2025-11-18,18,Tuesday,47,November,11,Q4,2025,Nov-2025,FY2025-26
2025-11-19,19,Wednesday,47,November,11,Q4,2025,Nov-2025,FY2025-26
2025-11-20,20,Thursday,47,November,11,Q4,2025,Nov-2025,FY2025-26
2025-11-21,21,Friday,47,November,11,Q4,2025,Nov-2025,FY2025-26
2025-11-22,22,Saturday,47,November,11,Q4,2025,Nov-2025,FY2025-26
2025-11-23,23,Sunday,47,November,11,Q4,2025,Nov-2025,FY2025-26
2025-11-24,24,Monday,48,November,11,Q4,2025,Nov-2025,FY2025-26
2025-11-25,25,Tuesday,48,November,11,Q4,2025,Nov-2025,FY2025-26
2025-11-26,26,Wednesday,48,November,11,Q4,2025,Nov-2025,FY2025-26
2025-11-27,27,Thursday,48,November,11,Q4,2025,Nov-2025,FY2025-26
2025-11-28,28,Friday,48,November,11,Q4,2025,Nov-2025,FY2025-26
2025-11-29,29,Saturday,48,November,11,Q4,2025,Nov-2025,FY2025-26
2025-11-30,30,Sunday,48,November,11,Q4,2025,Nov-2025,FY2025-26
2025-12-01,1,Monday,49,December,12,Q4,2025,Dec-2025,FY2025-26
2025-12-02,2,Tuesday,49,December,12,Q4,2025,Dec-2025,FY2025-26
2025-12-03,3,Wednesday,49,December,12,Q4,2025,Dec-2025,FY2025-26
2025-12-04,4,Thursday,49,December,12,Q4,2025,Dec-2025,FY2025-26
2025-12-05,5,Friday,49,December,12,Q4,2025,Dec-2025,FY2025-26
2025-12-06,6,Saturday,49,December,12,Q4,2025,Dec-2025,FY2025-26
2025-12-07,7,Sunday,49,December,12,Q4,2025,Dec-2025,FY2025-26
2025-12-08,8,Monday,50,December,12,Q4,2025,Dec-2025,FY2025-26
2025-12-09,9,Tuesday,50,December,12,Q4,2025,Dec-2025,FY2025-26
2025-12-10,10,Wednesday,50,December,12,Q4,2025,Dec-2025,FY2025-26
2025-12-11,11,Thursday,50,December,12,Q4,2025,Dec-2025,FY2025-26
2025-12-12,12,Friday,50,December,12,Q4,2025,Dec-2025,FY2025-26
2025-12-13,13,Saturday,50,December,12,Q4,2025,Dec-2025,FY2025-26
2025-12-14,14,Sunday,50,December,12,Q4,2025,Dec-2025,FY2025-26
2025-12-15,15,Monday,51,December,12,Q4,2025,Dec-2025,FY2025-26
2025-12-16,16,Tuesday,51,December,12,Q4,2025,Dec-2025,FY2025-26
2025-12-17,17,Wednesday,51,December,12,Q4,2025,Dec-2025,FY2025-26
2025-12-18,18,Thursday,51,December,12,Q4,2025,Dec-2025,FY2025-26
2025-12-19,19,Friday,51,December,12,Q4,2025,Dec-2025,FY2025-26
2025-12-20,20,Saturday,51,December,12,Q4,2025,Dec-2025,FY2025-26
2025-12-21,21,Sunday,51,December,12,Q4,2025,Dec-2025,FY2025-26
2025-12-22,22,Monday,52,December,12,Q4,2025,Dec-2025,FY2025-26
2025-12-23,23,Tuesday,52,December,12,Q4,2025,Dec-2025,FY2025-26
2025-12-24,24,Wednesday,52,December,12,Q4,2025,Dec-2025,FY2025-26
2025-12-25,25,Thursday,52,December,12,Q4,2025,Dec-2025,FY2025-26
2025-12-26,26,Friday,52,December,12,Q4,2025,Dec-2025,FY2025-26
2025-12-27,27,Saturday,52,December,12,Q4,2025,Dec-2025,FY2025-26
2025-12-28,28,Sunday,52,December,12,Q4,2025,Dec-2025,FY2025-26
2025-12-29,29,Monday,1,December,12,Q4,2025,Dec-2025,FY2025-26
2025-12-30,30,Tuesday,1,December,12,Q4,2025,Dec-2025,FY2025-26
2025-12-31,31,Wednesday,1,December,12,Q4,2025,Dec-2025,FY2025-26
2026-01-01,1,Thursday,1,January,1,Q1,2026,Jan-2026,FY2025-26
2026-01-02,2,Friday,1,January,1,Q1,2026,Jan-2026,FY2025-26
2026-01-03,3,Saturday,1,January,1,Q1,2026,Jan-2026,FY2025-26
2026-01-04,4,Sunday,1,January,1,Q1,2026,Jan-2026,FY2025-26
2026-01-05,5,Monday,2,January,1,Q1,2026,Jan-2026,FY2025-26
2026-01-06,6,Tuesday,2,January,1,Q1,2026,Jan-2026,FY2025-26
2026-01-07,7,Wednesday,2,January,1,Q1,2026,Jan-2026,FY2025-26
2026-01-08,8,Thursday,2,January,1,Q1,2026,Jan-2026,FY2025-26
2026-01-09,9,Friday,2,January,1,Q1,2026,Jan-2026,FY2025-26
2026-01-10,10,Saturday,2,January,1,Q1,2026,Jan-2026,FY2025-26
2026-01-11,11,Sunday,2,January,1,Q1,2026,Jan-2026,FY2025-26
2026-01-12,12,Monday,3,January,1,Q1,2026,Jan-2026,FY2025-26
2026-01-13,13,Tuesday,3,January,1,Q1,2026,Jan-2026,FY2025-26
2026-01-14,14,Wednesday,3,January,1,Q1,2026,Jan-2026,FY2025-26
2026-01-15,15,Thursday,3,January,1,Q1,2026,Jan-2026,FY2025-26
2026-01-16,16,Friday,3,January,1,Q1,2026,Jan-2026,FY2025-26
2026-01-17,17,Saturday,3,January,1,Q1,2026,Jan-2026,FY2025-26
2026-01-18,18,Sunday,3,January,1,Q1,2026,Jan-2026,FY2025-26
2026-01-19,19,Monday,4,January,1,Q1,2026,Jan-2026,FY2025-26
2026-01-20,20,Tuesday,4,January,1,Q1,2026,Jan-2026,FY2025-26
2026-01-21,21,Wednesday,4,January,1,Q1,2026,Jan-2026,FY2025-26
2026-01-22,22,Thursday,4,January,1,Q1,2026,Jan-2026,FY2025-26
2026-01-23,23,Friday,4,January,1,Q1,2026,Jan-2026,FY2025-26
2026-01-24,24,Saturday,4,January,1,Q1,2026,Jan-2026,FY2025-26
2026-01-25,25,Sunday,4,January,1,Q1,2026,Jan-2026,FY2025-26
2026-01-26,26,Monday,5,January,1,Q1,2026,Jan-2026,FY2025-26
2026-01-27,27,Tuesday,5,January,1,Q1,2026,Jan-2026,FY2025-26
2026-01-28,28,Wednesday,5,January,1,Q1,2026,Jan-2026,FY2025-26
2026-01-29,29,Thursday,5,January,1,Q1,2026,Jan-2026,FY2025-26
2026-01-30,30,Friday,5,January,1,Q1,2026,Jan-2026,FY2025-26
2026-01-31,31,Saturday,5,January,1,Q1,2026,Jan-2026,FY2025-26
2026-02-01,1,Sunday,5,February,2,Q1,2026,Feb-2026,FY2025-26
2026-02-02,2,Monday,6,February,2,Q1,2026,Feb-2026,FY2025-26
2026-02-03,3,Tuesday,6,February,2,Q1,2026,Feb-2026,FY2025-26
2026-02-04,4,Wednesday,6,February,2,Q1,2026,Feb-2026,FY2025-26
2026-02-05,5,Thursday,6,February,2,Q1,2026,Feb-2026,FY2025-26
2026-02-06,6,Friday,6,February,2,Q1,2026,Feb-2026,FY2025-26
2026-02-07,7,Saturday,6,February,2,Q1,2026,Feb-2026,FY2025-26
2026-02-08,8,Sunday,6,February,2,Q1,2026,Feb-2026,FY2025-26
2026-02-09,9,Monday,7,February,2,Q1,2026,Feb-2026,FY2025-26
2026-02-10,10,Tuesday,7,February,2,Q1,2026,Feb-2026,FY2025-26
2026-02-11,11,Wednesday,7,February,2,Q1,2026,Feb-2026,FY2025-26
2026-02-12,12,Thursday,7,February,2,Q1,2026,Feb-2026,FY2025-26
2026-02-13,13,Friday,7,February,2,Q1,2026,Feb-2026,FY2025-26
2026-02-14,14,Saturday,7,February,2,Q1,2026,Feb-2026,FY2025-26
2026-02-15,15,Sunday,7,February,2,Q1,2026,Feb-2026,FY2025-26
2026-02-16,16,Monday,8,February,2,Q1,2026,Feb-2026,FY2025-26
2026-02-17,17,Tuesday,8,February,2,Q1,2026,Feb-2026,FY2025-26
2026-02-18,18,Wednesday,8,February,2,Q1,2026,Feb-2026,FY2025-26
2026-02-19,19,Thursday,8,February,2,Q1,2026,Feb-2026,FY2025-26
2026-02-20,20,Friday,8,February,2,Q1,2026,Feb-2026,FY2025-26
2026-02-21,21,Saturday,8,February,2,Q1,2026,Feb-2026,FY2025-26
2026-02-22,22,Sunday,8,February,2,Q1,2026,Feb-2026,FY2025-26
2026-02-23,23,Monday,9,February,2,Q1,2026,Feb-2026,FY2025-26
2026-02-24,24,Tuesday,9,February,2,Q1,2026,Feb-2026,FY2025-26
2026-02-25,25,Wednesday,9,February,2,Q1,2026,Feb-2026,FY2025-26
2026-02-26,26,Thursday,9,February,2,Q1,2026,Feb-2026,FY2025-26
2026-02-27,27,Friday,9,February,2,Q1,2026,Feb-2026,FY2025-26
2026-02-28,28,Saturday,9,February,2,Q1,2026,Feb-2026,FY2025-26
2026-03-01,1,Sunday,9,March,3,Q1,2026,Mar-2026,FY2025-26
2026-03-02,2,Monday,10,March,3,Q1,2026,Mar-2026,FY2025-26
2026-03-03,3,Tuesday,10,March,3,Q1,2026,Mar-2026,FY2025-26
2026-03-04,4,Wednesday,10,March,3,Q1,2026,Mar-2026,FY2025-26
2026-03-05,5,Thursday,10,March,3,Q1,2026,Mar-2026,FY2025-26
2026-03-06,6,Friday,10,March,3,Q1,2026,Mar-2026,FY2025-26
2026-03-07,7,Saturday,10,March,3,Q1,2026,Mar-2026,FY2025-26
2026-03-08,8,Sunday,10,March,3,Q1,2026,Mar-2026,FY2025-26
2026-03-09,9,Monday,11,March,3,Q1,2026,Mar-2026,FY2025-26
2026-03-10,10,Tuesday,11,March,3,Q1,2026,Mar-2026,FY2025-26
2026-03-11,11,Wednesday,11,March,3,Q1,2026,Mar-2026,FY2025-26
2026-03-12,12,Thursday,11,March,3,Q1,2026,Mar-2026,FY2025-26
2026-03-13,13,Friday,11,March,3,Q1,2026,Mar-2026,FY2025-26
2026-03-14,14,Saturday,11,March,3,Q1,2026,Mar-2026,FY2025-26
2026-03-15,15,Sunday,11,March,3,Q1,2026,Mar-2026,FY2025-26
2026-03-16,16,Monday,12,March,3,Q1,2026,Mar-2026,FY2025-26
2026-03-17,17,Tuesday,12,March,3,Q1,2026,Mar-2026,FY2025-26
2026-03-18,18,Wednesday,12,March,3,Q1,2026,Mar-2026,FY2025-26
2026-03-19,19,Thursday,12,March,3,Q1,2026,Mar-2026,FY2025-26
2026-03-20,20,Friday,12,March,3,Q1,2026,Mar-2026,FY2025-26
2026-03-21,21,Saturday,12,March,3,Q1,2026,Mar-2026,FY2025-26
2026-03-22,22,Sunday,12,March,3,Q1,2026,Mar-2026,FY2025-26
2026-03-23,23,Monday,13,March,3,Q1,2026,Mar-2026,FY2025-26
2026-03-24,24,Tuesday,13,March,3,Q1,2026,Mar-2026,FY2025-26
2026-03-25,25,Wednesday,13,March,3,Q1,2026,Mar-2026,FY2025-26
2026-03-26,26,Thursday,13,March,3,Q1,2026,Mar-2026,FY2025-26
2026-03-27,27,Friday,13,March,3,Q1,2026,Mar-2026,FY2025-26
2026-03-28,28,Saturday,13,March,3,Q1,2026,Mar-2026,FY2025-26
2026-03-29,29,Sunday,13,March,3,Q1,2026,Mar-2026,FY2025-26
2026-03-30,30,Monday,14,March,3,Q1,2026,Mar-2026,FY2025-26
2026-03-31,31,Tuesday,14,March,3,Q1,2026,Mar-2026,FY2025-26
2026-04-01,1,Wednesday,14,April,4,Q2,2026,Apr-2026,FY2026-27
2026-04-02,2,Thursday,14,April,4,Q2,2026,Apr-2026,FY2026-27
2026-04-03,3,Friday,14,April,4,Q2,2026,Apr-2026,FY2026-27
2026-04-04,4,Saturday,14,April,4,Q2,2026,Apr-2026,FY2026-27
2026-04-05,5,Sunday,14,April,4,Q2,2026,Apr-2026,FY2026-27
2026-04-06,6,Monday,15,April,4,Q2,2026,Apr-2026,FY2026-27
2026-04-07,7,Tuesday,15,April,4,Q2,2026,Apr-2026,FY2026-27
2026-04-08,8,Wednesday,15,April,4,Q2,2026,Apr-2026,FY2026-27
2026-04-09,9,Thursday,15,April,4,Q2,2026,Apr-2026,FY2026-27
2026-04-10,10,Friday,15,April,4,Q2,2026,Apr-2026,FY2026-27
2026-04-11,11,Saturday,15,April,4,Q2,2026,Apr-2026,FY2026-27
2026-04-12,12,Sunday,15,April,4,Q2,2026,Apr-2026,FY2026-27
2026-04-13,13,Monday,16,April,4,Q2,2026,Apr-2026,FY2026-27
2026-04-14,14,Tuesday,16,April,4,Q2,2026,Apr-2026,FY2026-27
2026-04-15,15,Wednesday,16,April,4,Q2,2026,Apr-2026,FY2026-27
2026-04-16,16,Thursday,16,April,4,Q2,2026,Apr-2026,FY2026-27
2026-04-17,17,Friday,16,April,4,Q2,2026,Apr-2026,FY2026-27
2026-04-18,18,Saturday,16,April,4,Q2,2026,Apr-2026,FY2026-27
2026-04-19,19,Sunday,16,April,4,Q2,2026,Apr-2026,FY2026-27
2026-04-20,20,Monday,17,April,4,Q2,2026,Apr-2026,FY2026-27
2026-04-21,21,Tuesday,17,April,4,Q2,2026,Apr-2026,FY2026-27
2026-04-22,22,Wednesday,17,April,4,Q2,2026,Apr-2026,FY2026-27
2026-04-23,23,Thursday,17,April,4,Q2,2026,Apr-2026,FY2026-27
2026-04-24,24,Friday,17,April,4,Q2,2026,Apr-2026,FY2026-27
2026-04-25,25,Saturday,17,April,4,Q2,2026,Apr-2026,FY2026-27
2026-04-26,26,Sunday,17,April,4,Q2,2026,Apr-2026,FY2026-27
2026-04-27,27,Monday,18,April,4,Q2,2026,Apr-2026,FY2026-27
2026-04-28,28,Tuesday,18,April,4,Q2,2026,Apr-2026,FY2026-27
2026-04-29,29,Wednesday,18,April,4,Q2,2026,Apr-2026,FY2026-27
2026-04-30,30,Thursday,18,April,4,Q2,2026,Apr-2026,FY2026-27
2026-05-01,1,Friday,18,May,5,Q2,2026,May-2026,FY2026-27
2026-05-02,2,Saturday,18,May,5,Q2,2026,May-2026,FY2026-27
2026-05-03,3,Sunday,18,May,5,Q2,2026,May-2026,FY2026-27
2026-05-04,4,Monday,19,May,5,Q2,2026,May-2026,FY2026-27
2026-05-05,5,Tuesday,19,May,5,Q2,2026,May-2026,FY2026-27
2026-05-06,6,Wednesday,19,May,5,Q2,2026,May-2026,FY2026-27
2026-05-07,7,Thursday,19,May,5,Q2,2026,May-2026,FY2026-27
2026-05-08,8,Friday,19,May,5,Q2,2026,May-2026,FY2026-27
2026-05-09,9,Saturday,19,May,5,Q2,2026,May-2026,FY2026-27
2026-05-10,10,Sunday,19,May,5,Q2,2026,May-2026,FY2026-27
2026-05-11,11,Monday,20,May,5,Q2,2026,May-2026,FY2026-27
2026-05-12,12,Tuesday,20,May,5,Q2,2026,May-2026,FY2026-27
2026-05-13,13,Wednesday,20,May,5,Q2,2026,May-2026,FY2026-27
2026-05-14,14,Thursday,20,May,5,Q2,2026,May-2026,FY2026-27
2026-05-15,15,Friday,20,May,5,Q2,2026,May-2026,FY2026-27
2026-05-16,16,Saturday,20,May,5,Q2,2026,May-2026,FY2026-27
2026-05-17,17,Sunday,20,May,5,Q2,2026,May-2026,FY2026-27
2026-05-18,18,Monday,21,May,5,Q2,2026,May-2026,FY2026-27
2026-05-19,19,Tuesday,21,May,5,Q2,2026,May-2026,FY2026-27
2026-05-20,20,Wednesday,21,May,5,Q2,2026,May-2026,FY2026-27
2026-05-21,21,Thursday,21,May,5,Q2,2026,May-2026,FY2026-27
2026-05-22,22,Friday,21,May,5,Q2,2026,May-2026,FY2026-27
2026-05-23,23,Saturday,21,May,5,Q2,2026,May-2026,FY2026-27
2026-05-24,24,Sunday,21,May,5,Q2,2026,May-2026,FY2026-27
2026-05-25,25,Monday,22,May,5,Q2,2026,May-2026,FY2026-27
2026-05-26,26,Tuesday,22,May,5,Q2,2026,May-2026,FY2026-27
2026-05-27,27,Wednesday,22,May,5,Q2,2026,May-2026,FY2026-27
2026-05-28,28,Thursday,22,May,5,Q2,2026,May-2026,FY2026-27
2026-05-29,29,Friday,22,May,5,Q2,2026,May-2026,FY2026-27
2026-05-30,30,Saturday,22,May,5,Q2,2026,May-2026,FY2026-27
2026-05-31,31,Sunday,22,May,5,Q2,2026,May-2026,FY2026-27
2026-06-01,1,Monday,23,June,6,Q2,2026,Jun-2026,FY2026-27
2026-06-02,2,Tuesday,23,June,6,Q2,2026,Jun-2026,FY2026-27
2026-06-03,3,Wednesday,23,June,6,Q2,2026,Jun-2026,FY2026-27
2026-06-04,4,Thursday,23,June,6,Q2,2026,Jun-2026,FY2026-27
2026-06-05,5,Friday,23,June,6,Q2,2026,Jun-2026,FY2026-27
2026-06-06,6,Saturday,23,June,6,Q2,2026,Jun-2026,FY2026-27
2026-06-07,7,Sunday,23,June,6,Q2,2026,Jun-2026,FY2026-27
2026-06-08,8,Monday,24,June,6,Q2,2026,Jun-2026,FY2026-27
2026-06-09,9,Tuesday,24,June,6,Q2,2026,Jun-2026,FY2026-27
2026-06-10,10,Wednesday,24,June,6,Q2,2026,Jun-2026,FY2026-27
2026-06-11,11,Thursday,24,June,6,Q2,2026,Jun-2026,FY2026-27
2026-06-12,12,Friday,24,June,6,Q2,2026,Jun-2026,FY2026-27
2026-06-13,13,Saturday,24,June,6,Q2,2026,Jun-2026,FY2026-27
2026-06-14,14,Sunday,24,June,6,Q2,2026,Jun-2026,FY2026-27
2026-06-15,15,Monday,25,June,6,Q2,2026,Jun-2026,FY2026-27
2026-06-16,16,Tuesday,25,June,6,Q2,2026,Jun-2026,FY2026-27
2026-06-17,17,Wednesday,25,June,6,Q2,2026,Jun-2026,FY2026-27
2026-06-18,18,Thursday,25,June,6,Q2,2026,Jun-2026,FY2026-27
2026-06-19,19,Friday,25,June,6,Q2,2026,Jun-2026,FY2026-27
2026-06-20,20,Saturday,25,June,6,Q2,2026,Jun-2026,FY2026-27
2026-06-21,21,Sunday,25,June,6,Q2,2026,Jun-2026,FY2026-27
2026-06-22,22,Monday,26,June,6,Q2,2026,Jun-2026,FY2026-27
2026-06-23,23,Tuesday,26,June,6,Q2,2026,Jun-2026,FY2026-27
2026-06-24,24,Wednesday,26,June,6,Q2,2026,Jun-2026,FY2026-27
2026-06-25,25,Thursday,26,June,6,Q2,2026,Jun-2026,FY2026-27
2026-06-26,26,Friday,26,June,6,Q2,2026,Jun-2026,FY2026-27
2026-06-27,27,Saturday,26,June,6,Q2,2026,Jun-2026,FY2026-27
2026-06-28,28,Sunday,26,June,6,Q2,2026,Jun-2026,FY2026-27
2026-06-29,29,Monday,27,June,6,Q2,2026,Jun-2026,FY2026-27
2026-06-30,30,Tuesday,27,June,6,Q2,2026,Jun-2026,FY2026-27
2026-07-01,1,Wednesday,27,July,7,Q3,2026,Jul-2026,FY2026-27
2026-07-02,2,Thursday,27,July,7,Q3,2026,Jul-2026,FY2026-27
2026-07-03,3,Friday,27,July,7,Q3,2026,Jul-2026,FY2026-27
2026-07-04,4,Saturday,27,July,7,Q3,2026,Jul-2026,FY2026-27
2026-07-05,5,Sunday,27,July,7,Q3,2026,Jul-2026,FY2026-27
2026-07-06,6,Monday,28,July,7,Q3,2026,Jul-2026,FY2026-27
2026-07-07,7,Tuesday,28,July,7,Q3,2026,Jul-2026,FY2026-27
2026-07-08,8,Wednesday,28,July,7,Q3,2026,Jul-2026,FY2026-27
2026-07-09,9,Thursday,28,July,7,Q3,2026,Jul-2026,FY2026-27
2026-07-10,10,Friday,28,July,7,Q3,2026,Jul-2026,FY2026-27
2026-07-11,11,Saturday,28,July,7,Q3,2026,Jul-2026,FY2026-27
2026-07-12,12,Sunday,28,July,7,Q3,2026,Jul-2026,FY2026-27
2026-07-13,13,Monday,29,July,7,Q3,2026,Jul-2026,FY2026-27
2026-07-14,14,Tuesday,29,July,7,Q3,2026,Jul-2026,FY2026-27
2026-07-15,15,Wednesday,29,July,7,Q3,2026,Jul-2026,FY2026-27
2026-07-16,16,Thursday,29,July,7,Q3,2026,Jul-2026,FY2026-27
2026-07-17,17,Friday,29,July,7,Q3,2026,Jul-2026,FY2026-27
2026-07-18,18,Saturday,29,July,7,Q3,2026,Jul-2026,FY2026-27
2026-07-19,19,Sunday,29,July,7,Q3,2026,Jul-2026,FY2026-27
2026-07-20,20,Monday,30,July,7,Q3,2026,Jul-2026,FY2026-27
2026-07-21,21,Tuesday,30,July,7,Q3,2026,Jul-2026,FY2026-27
2026-07-22,22,Wednesday,30,July,7,Q3,2026,Jul-2026,FY2026-27
2026-07-23,23,Thursday,30,July,7,Q3,2026,Jul-2026,FY2026-27
2026-07-24,24,Friday,30,July,7,Q3,2026,Jul-2026,FY2026-27
2026-07-25,25,Saturday,30,July,7,Q3,2026,Jul-2026,FY2026-27
2026-07-26,26,Sunday,30,July,7,Q3,2026,Jul-2026,FY2026-27
2026-07-27,27,Monday,31,July,7,Q3,2026,Jul-2026,FY2026-27
2026-07-28,28,Tuesday,31,July,7,Q3,2026,Jul-2026,FY2026-27
2026-07-29,29,Wednesday,31,July,7,Q3,2026,Jul-2026,FY2026-27
2026-07-30,30,Thursday,31,July,7,Q3,2026,Jul-2026,FY2026-27
2026-07-31,31,Friday,31,July,7,Q3,2026,Jul-2026,FY2026-27
2026-08-01,1,Saturday,31,August,8,Q3,2026,Aug-2026,FY2026-27
2026-08-02,2,Sunday,31,August,8,Q3,2026,Aug-2026,FY2026-27
2026-08-03,3,Monday,32,August,8,Q3,2026,Aug-2026,FY2026-27
2026-08-04,4,Tuesday,32,August,8,Q3,2026,Aug-2026,FY2026-27
2026-08-05,5,Wednesday,32,August,8,Q3,2026,Aug-2026,FY2026-27
2026-08-06,6,Thursday,32,August,8,Q3,2026,Aug-2026,FY2026-27
2026-08-07,7,Friday,32,August,8,Q3,2026,Aug-2026,FY2026-27
2026-08-08,8,Saturday,32,August,8,Q3,2026,Aug-2026,FY2026-27
2026-08-09,9,Sunday,32,August,8,Q3,2026,Aug-2026,FY2026-27
2026-08-10,10,Monday,33,August,8,Q3,2026,Aug-2026,FY2026-27
2026-08-11,11,Tuesday,33,August,8,Q3,2026,Aug-2026,FY2026-27
2026-08-12,12,Wednesday,33,August,8,Q3,2026,Aug-2026,FY2026-27
2026-08-13,13,Thursday,33,August,8,Q3,2026,Aug-2026,FY2026-27
2026-08-14,14,Friday,33,August,8,Q3,2026,Aug-2026,FY2026-27
2026-08-15,15,Saturday,33,August,8,Q3,2026,Aug-2026,FY2026-27
2026-08-16,16,Sunday,33,August,8,Q3,2026,Aug-2026,FY2026-27
2026-08-17,17,Monday,34,August,8,Q3,2026,Aug-2026,FY2026-27
2026-08-18,18,Tuesday,34,August,8,Q3,2026,Aug-2026,FY2026-27
2026-08-19,19,Wednesday,34,August,8,Q3,2026,Aug-2026,FY2026-27
2026-08-20,20,Thursday,34,August,8,Q3,2026,Aug-2026,FY2026-27
2026-08-21,21,Friday,34,August,8,Q3,2026,Aug-2026,FY2026-27
2026-08-22,22,Saturday,34,August,8,Q3,2026,Aug-2026,FY2026-27
2026-08-23,23,Sunday,34,August,8,Q3,2026,Aug-2026,FY2026-27
2026-08-24,24,Monday,35,August,8,Q3,2026,Aug-2026,FY2026-27
2026-08-25,25,Tuesday,35,August,8,Q3,2026,Aug-2026,FY2026-27
2026-08-26,26,Wednesday,35,August,8,Q3,2026,Aug-2026,FY2026-27
2026-08-27,27,Thursday,35,August,8,Q3,2026,Aug-2026,FY2026-27
2026-08-28,28,Friday,35,August,8,Q3,2026,Aug-2026,FY2026-27
2026-08-29,29,Saturday,35,August,8,Q3,2026,Aug-2026,FY2026-27
2026-08-30,30,Sunday,35,August,8,Q3,2026,Aug-2026,FY2026-27
2026-08-31,31,Monday,36,August,8,Q3,2026,Aug-2026,FY2026-27
2026-09-01,1,Tuesday,36,September,9,Q3,2026,Sep-2026,FY2026-27
2026-09-02,2,Wednesday,36,September,9,Q3,2026,Sep-2026,FY2026-27
2026-09-03,3,Thursday,36,September,9,Q3,2026,Sep-2026,FY2026-27
2026-09-04,4,Friday,36,September,9,Q3,2026,Sep-2026,FY2026-27
2026-09-05,5,Saturday,36,September,9,Q3,2026,Sep-2026,FY2026-27
2026-09-06,6,Sunday,36,September,9,Q3,2026,Sep-2026,FY2026-27
2026-09-07,7,Monday,37,September,9,Q3,2026,Sep-2026,FY2026-27
2026-09-08,8,Tuesday,37,September,9,Q3,2026,Sep-2026,FY2026-27
2026-09-09,9,Wednesday,37,September,9,Q3,2026,Sep-2026,FY2026-27
2026-09-10,10,Thursday,37,September,9,Q3,2026,Sep-2026,FY2026-27
2026-09-11,11,Friday,37,September,9,Q3,2026,Sep-2026,FY2026-27
2026-09-12,12,Saturday,37,September,9,Q3,2026,Sep-2026,FY2026-27
2026-09-13,13,Sunday,37,September,9,Q3,2026,Sep-2026,FY2026-27
2026-09-14,14,Monday,38,September,9,Q3,2026,Sep-2026,FY2026-27
2026-09-15,15,Tuesday,38,September,9,Q3,2026,Sep-2026,FY2026-27
2026-09-16,16,Wednesday,38,September,9,Q3,2026,Sep-2026,FY2026-27
2026-09-17,17,Thursday,38,September,9,Q3,2026,Sep-2026,FY2026-27
2026-09-18,18,Friday,38,September,9,Q3,2026,Sep-2026,FY2026-27
2026-09-19,19,Saturday,38,September,9,Q3,2026,Sep-2026,FY2026-27
2026-09-20,20,Sunday,38,September,9,Q3,2026,Sep-2026,FY2026-27
2026-09-21,21,Monday,39,September,9,Q3,2026,Sep-2026,FY2026-27
2026-09-22,22,Tuesday,39,September,9,Q3,2026,Sep-2026,FY2026-27
2026-09-23,23,Wednesday,39,September,9,Q3,2026,Sep-2026,FY2026-27
2026-09-24,24,Thursday,39,September,9,Q3,2026,Sep-2026,FY2026-27
2026-09-25,25,Friday,39,September,9,Q3,2026,Sep-2026,FY2026-27
2026-09-26,26,Saturday,39,September,9,Q3,2026,Sep-2026,FY2026-27
2026-09-27,27,Sunday,39,September,9,Q3,2026,Sep-2026,FY2026-27
2026-09-28,28,Monday,40,September,9,Q3,2026,Sep-2026,FY2026-27
2026-09-29,29,Tuesday,40,September,9,Q3,2026,Sep-2026,FY2026-27
2026-09-30,30,Wednesday,40,September,9,Q3,2026,Sep-2026,FY2026-27
2026-10-01,1,Thursday,40,October,10,Q4,2026,Oct-2026,FY2026-27
2026-10-02,2,Friday,40,October,10,Q4,2026,Oct-2026,FY2026-27
2026-10-03,3,Saturday,40,October,10,Q4,2026,Oct-2026,FY2026-27
2026-10-04,4,Sunday,40,October,10,Q4,2026,Oct-2026,FY2026-27
2026-10-05,5,Monday,41,October,10,Q4,2026,Oct-2026,FY2026-27
2026-10-06,6,Tuesday,41,October,10,Q4,2026,Oct-2026,FY2026-27
2026-10-07,7,Wednesday,41,October,10,Q4,2026,Oct-2026,FY2026-27
2026-10-08,8,Thursday,41,October,10,Q4,2026,Oct-2026,FY2026-27
2026-10-09,9,Friday,41,October,10,Q4,2026,Oct-2026,FY2026-27
2026-10-10,10,Saturday,41,October,10,Q4,2026,Oct-2026,FY2026-27
2026-10-11,11,Sunday,41,October,10,Q4,2026,Oct-2026,FY2026-27
2026-10-12,12,Monday,42,October,10,Q4,2026,Oct-2026,FY2026-27
2026-10-13,13,Tuesday,42,October,10,Q4,2026,Oct-2026,FY2026-27
2026-10-14,14,Wednesday,42,October,10,Q4,2026,Oct-2026,FY2026-27
2026-10-15,15,Thursday,42,October,10,Q4,2026,Oct-2026,FY2026-27
2026-10-16,16,Friday,42,October,10,Q4,2026,Oct-2026,FY2026-27
2026-10-17,17,Saturday,42,October,10,Q4,2026,Oct-2026,FY2026-27
2026-10-18,18,Sunday,42,October,10,Q4,2026,Oct-2026,FY2026-27
2026-10-19,19,Monday,43,October,10,Q4,2026,Oct-2026,FY2026-27
2026-10-20,20,Tuesday,43,October,10,Q4,2026,Oct-2026,FY2026-27
2026-10-21,21,Wednesday,43,October,10,Q4,2026,Oct-2026,FY2026-27
2026-10-22,22,Thursday,43,October,10,Q4,2026,Oct-2026,FY2026-27
2026-10-23,23,Friday,43,October,10,Q4,2026,Oct-2026,FY2026-27
2026-10-24,24,Saturday,43,October,10,Q4,2026,Oct-2026,FY2026-27
2026-10-25,25,Sunday,43,October,10,Q4,2026,Oct-2026,FY2026-27
2026-10-26,26,Monday,44,October,10,Q4,2026,Oct-2026,FY2026-27
2026-10-27,27,Tuesday,44,October,10,Q4,2026,Oct-2026,FY2026-27
2026-10-28,28,Wednesday,44,October,10,Q4,2026,Oct-2026,FY2026-27
2026-10-29,29,Thursday,44,October,10,Q4,2026,Oct-2026,FY2026-27
2026-10-30,30,Friday,44,October,10,Q4,2026,Oct-2026,FY2026-27
2026-10-31,31,Saturday,44,October,10,Q4,2026,Oct-2026,FY2026-27
2026-11-01,1,Sunday,44,November,11,Q4,2026,Nov-2026,FY2026-27
2026-11-02,2,Monday,45,November,11,Q4,2026,Nov-2026,FY2026-27
2026-11-03,3,Tuesday,45,November,11,Q4,2026,Nov-2026,FY2026-27
2026-11-04,4,Wednesday,45,November,11,Q4,2026,Nov-2026,FY2026-27
2026-11-05,5,Thursday,45,November,11,Q4,2026,Nov-2026,FY2026-27
2026-11-06,6,Friday,45,November,11,Q4,2026,Nov-2026,FY2026-27
2026-11-07,7,Saturday,45,November,11,Q4,2026,Nov-2026,FY2026-27
2026-11-08,8,Sunday,45,November,11,Q4,2026,Nov-2026,FY2026-27
2026-11-09,9,Monday,46,November,11,Q4,2026,Nov-2026,FY2026-27
2026-11-10,10,Tuesday,46,November,11,Q4,2026,Nov-2026,FY2026-27
2026-11-11,11,Wednesday,46,November,11,Q4,2026,Nov-2026,FY2026-27
2026-11-12,12,Thursday,46,November,11,Q4,2026,Nov-2026,FY2026-27
2026-11-13,13,Friday,46,November,11,Q4,2026,Nov-2026,FY2026-27
2026-11-14,14,Saturday,46,November,11,Q4,2026,Nov-2026,FY2026-27
2026-11-15,15,Sunday,46,November,11,Q4,2026,Nov-2026,FY2026-27
2026-11-16,16,Monday,47,November,11,Q4,2026,Nov-2026,FY2026-27
2026-11-17,17,Tuesday,47,November,11,Q4,2026,Nov-2026,FY2026-27
2026-11-18,18,Wednesday,47,November,11,Q4,2026,Nov-2026,FY2026-27
2026-11-19,19,Thursday,47,November,11,Q4,2026,Nov-2026,FY2026-27
2026-11-20,20,Friday,47,November,11,Q4,2026,Nov-2026,FY2026-27
2026-11-21,21,Saturday,47,November,11,Q4,2026,Nov-2026,FY2026-27
2026-11-22,22,Sunday,47,November,11,Q4,2026,Nov-2026,FY2026-27
2026-11-23,23,Monday,48,November,11,Q4,2026,Nov-2026,FY2026-27
2026-11-24,24,Tuesday,48,November,11,Q4,2026,Nov-2026,FY2026-27
2026-11-25,25,Wednesday,48,November,11,Q4,2026,Nov-2026,FY2026-27
2026-11-26,26,Thursday,48,November,11,Q4,2026,Nov-2026,FY2026-27
2026-11-27,27,Friday,48,November,11,Q4,2026,Nov-2026,FY2026-27
2026-11-28,28,Saturday,48,November,11,Q4,2026,Nov-2026,FY2026-27
2026-11-29,29,Sunday,48,November,11,Q4,2026,Nov-2026,FY2026-27
2026-11-30,30,Monday,49,November,11,Q4,2026,Nov-2026,FY2026-27
2026-12-01,1,Tuesday,49,December,12,Q4,2026,Dec-2026,FY2026-27
2026-12-02,2,Wednesday,49,December,12,Q4,2026,Dec-2026,FY2026-27
2026-12-03,3,Thursday,49,December,12,Q4,2026,Dec-2026,FY2026-27
2026-12-04,4,Friday,49,December,12,Q4,2026,Dec-2026,FY2026-27
2026-12-05,5,Saturday,49,December,12,Q4,2026,Dec-2026,FY2026-27
2026-12-06,6,Sunday,49,December,12,Q4,2026,Dec-2026,FY2026-27
2026-12-07,7,Monday,50,December,12,Q4,2026,Dec-2026,FY2026-27
2026-12-08,8,Tuesday,50,December,12,Q4,2026,Dec-2026,FY2026-27
2026-12-09,9,Wednesday,50,December,12,Q4,2026,Dec-2026,FY2026-27
2026-12-10,10,Thursday,50,December,12,Q4,2026,Dec-2026,FY2026-27
2026-12-11,11,Friday,50,December,12,Q4,2026,Dec-2026,FY2026-27
2026-12-12,12,Saturday,50,December,12,Q4,2026,Dec-2026,FY2026-27
2026-12-13,13,Sunday,50,December,12,Q4,2026,Dec-2026,FY2026-27
2026-12-14,14,Monday,51,December,12,Q4,2026,Dec-2026,FY2026-27
2026-12-15,15,Tuesday,51,December,12,Q4,2026,Dec-2026,FY2026-27
2026-12-16,16,Wednesday,51,December,12,Q4,2026,Dec-2026,FY2026-27
2026-12-17,17,Thursday,51,December,12,Q4,2026,Dec-2026,FY2026-27
2026-12-18,18,Friday,51,December,12,Q4,2026,Dec-2026,FY2026-27
2026-12-19,19,Saturday,51,December,12,Q4,2026,Dec-2026,FY2026-27
2026-12-20,20,Sunday,51,December,12,Q4,2026,Dec-2026,FY2026-27
2026-12-21,21,Monday,52,December,12,Q4,2026,Dec-2026,FY2026-27
2026-12-22,22,Tuesday,52,December,12,Q4,2026,Dec-2026,FY2026-27
2026-12-23,23,Wednesday,52,December,12,Q4,2026,Dec-2026,FY2026-27
2026-12-24,24,Thursday,52,December,12,Q4,2026,Dec-2026,FY2026-27
2026-12-25,25,Friday,52,December,12,Q4,2026,Dec-2026,FY2026-27
2026-12-26,26,Saturday,52,December,12,Q4,2026,Dec-2026,FY2026-27
2026-12-27,27,Sunday,52,December,12,Q4,2026,Dec-2026,FY2026-27
2026-12-28,28,Monday,53,December,12,Q4,2026,Dec-2026,FY2026-27
2026-12-29,29,Tuesday,53,December,12,Q4,2026,Dec-2026,FY2026-27
2026-12-30,30,Wednesday,53,December,12,Q4,2026,Dec-2026,FY2026-27
2026-12-31,31,Thursday,53,December,12,Q4,2026,Dec-2026,FY2026-27
