Geography_ID,City,State,Region
GEO001,Bengaluru,Karnataka,South
GEO002,Mysuru,Karnataka,South
GEO003,Mangaluru,Karnataka,South
GEO004,Hyderabad,Telangana,South
GEO005,Chennai,Tamil Nadu,South
GEO006,Coimbatore,Tamil Nadu,South
GEO007,Kochi,Kerala,South
GEO008,Thiruvananthapuram,Kerala,South
GEO009,Pune,Maharashtra,West
GEO010,Mumbai,Maharashtra,West
GEO011,Nagpur,Maharashtra,West
GEO012,Ahmedabad,Gujarat,West
GEO013,Surat,Gujarat,West
GEO014,Jaipur,Rajasthan,North
GEO015,Jodhpur,Rajasthan,North
GEO016,Delhi,Delhi,North
GEO017,Chandigarh,Chandigarh,North
GEO018,Lucknow,Uttar Pradesh,North
GEO019,Noida,Uttar Pradesh,North
GEO020,Kolkata,West Bengal,East
GEO021,Bhubaneswar,Odisha,East
GEO022,Patna,Bihar,East
GEO023,Ranchi,Jharkhand,East
GEO024,Indore,Madhya Pradesh,Central
GEO025,Bhopal,Madhya Pradesh,Central
GEO026,Hubballi,Karnataka,South
GEO027,Belagavi,Karnataka,South
GEO028,Tumakuru,Karnataka,South
GEO029,Davangere,Karnataka,South
GEO030,Shivamogga,Karnataka,South
GEO031,Ballari,Karnataka,South
GEO032,Kalaburagi,Karnataka,South
GEO033,Udupi,Karnataka,South
GEO034,Madurai,Tamil Nadu,South
GEO035,Salem,Tamil Nadu,South
GEO036,Tiruchirappalli,Tamil Nadu,South
GEO037,Tiruppur,Tamil Nadu,South
GEO038,Vellore,Tamil Nadu,South
GEO039,Erode,Tamil Nadu,South
GEO040,Thoothukudi,Tamil Nadu,South
GEO041,Thanjavur,Tamil Nadu,South
GEO042,Kozhikode,Kerala,South
GEO043,Thrissur,Kerala,South
GEO044,Kollam,Kerala,South
GEO045,Alappuzha,Kerala,South
GEO046,Palakkad,Kerala,South
GEO047,Kannur,Kerala,South
GEO048,Warangal,Telangana,South
GEO049,Nizamabad,Telangana,South
GEO050,Karimnagar,Telangana,South
GEO051,Khammam,Telangana,South
GEO052,Nalgonda,Telangana,South
GEO053,Nashik,Maharashtra,West
GEO054,Aurangabad,Maharashtra,West
GEO055,Kolhapur,Maharashtra,West
GEO056,Solapur,Maharashtra,West
GEO057,Amravati,Maharashtra,West
GEO058,Satara,Maharashtra,West
GEO059,Thane,Maharashtra,West
GEO060,Vasai,Maharashtra,West
GEO061,Vadodara,Gujarat,West
GEO062,Rajkot,Gujarat,West
GEO063,Bhavnagar,Gujarat,West
GEO064,Jamnagar,Gujarat,West
GEO065,Anand,Gujarat,West
GEO066,Bharuch,Gujarat,West
GEO067,Gandhinagar,Gujarat,West
GEO068,Udaipur,Rajasthan,North
GEO069,Kota,Rajasthan,North
GEO070,Ajmer,Rajasthan,North
GEO071,Bikaner,Rajasthan,North
GEO072,Alwar,Rajasthan,North
GEO073,Bharatpur,Rajasthan,North
GEO074,Kanpur,Uttar Pradesh,North
GEO075,Agra,Uttar Pradesh,North
GEO076,Varanasi,Uttar Pradesh,North
GEO077,Prayagraj,Uttar Pradesh,North
GEO078,Ghaziabad,Uttar Pradesh,North
GEO079,Meerut,Uttar Pradesh,North
GEO080,Bareilly,Uttar Pradesh,North
GEO081,Gorakhpur,Uttar Pradesh,North
GEO082,New Delhi,Delhi,North
GEO083,Mohali,Chandigarh,North
GEO084,Panchkula,Chandigarh,North
GEO085,Siliguri,West Bengal,East
GEO086,Durgapur,West Bengal,East
GEO087,Asansol,West Bengal,East
GEO088,Howrah,West Bengal,East
GEO089,Cuttack,Odisha,East
GEO090,Rourkela,Odisha,East
GEO091,Puri,Odisha,East
GEO092,Sambalpur,Odisha,East
GEO093,Gaya,Bihar,East
GEO094,Muzaffarpur,Bihar,East
GEO095,Bhagalpur,Bihar,East
GEO096,Darbhanga,Bihar,East
GEO097,Jamshedpur,Jharkhand,East
GEO098,Dhanbad,Jharkhand,East
GEO099,Bokaro,Jharkhand,East
GEO100,Deoghar,Jharkhand,East
GEO101,Gwalior,Madhya Pradesh,Central
GEO102,Jabalpur,Madhya Pradesh,Central
GEO103,Ujjain,Madhya Pradesh,Central
GEO104,Sagar,Madhya Pradesh,Central
GEO105,Rewa,Madhya Pradesh,Central
GEO106,Ludhiana,Punjab,North
GEO107,Amritsar,Punjab,North
GEO108,Jalandhar,Punjab,North
GEO109,Patiala,Punjab,North
GEO110,Gurugram,Haryana,North
GEO111,Faridabad,Haryana,North
GEO112,Panipat,Haryana,North
GEO113,Hisar,Haryana,North
GEO114,Visakhapatnam,Andhra Pradesh,South
GEO115,Vijayawada,Andhra Pradesh,South
GEO116,Guntur,Andhra Pradesh,South
GEO117,Tirupati,Andhra Pradesh,South
GEO118,Nellore,Andhra Pradesh,South
GEO119,Panaji,Goa,West
GEO120,Margao,Goa,West
GEO121,Vasco da Gama,Goa,West
