Product_ID,Product_Name,Category,Subcategory,Brand,Cost_Price,Selling_Price,Product_Status
PROD0001,Nova Computer-Accessories 1,Electronics,Computer Accessories,Nova,3057.71,3631.04,Active
PROD0002,Prime Computer-Accessories 2,Electronics,Computer Accessories,Prime,1600.12,1995.29,Active
PROD0003,Urban Computer-Accessories 3,Electronics,Computer Accessories,Urban,3445.88,4765.69,Active
PROD0004,ProMax Computer-Accessories 4,Electronics,Computer Accessories,ProMax,4068.72,4907.21,Active
PROD0005,Elite Computer-Accessories 5,Electronics,Computer Accessories,Elite,2187.69,2601.03,Active
PROD0006,SmartLife Audio 1,Electronics,Audio,SmartLife,1374.55,1830.36,Active
PROD0007,Vertex Audio 2,Electronics,Audio,Vertex,606.14,751.40,Active
PROD0008,Apex Audio 3,Electronics,Audio,Apex,3099.54,4164.18,Active
PROD0009,Zen Audio 4,Electronics,Audio,Zen,1381.76,1874.74,Active
PROD0010,Orion Audio 5,Electronics,Audio,Orion,3737.72,4417.80,Active
PROD0011,Nova Mobile-Accessories 1,Electronics,Mobile Accessories,Nova,3723.28,5173.28,Active
PROD0012,Prime Mobile-Accessories 2,Electronics,Mobile Accessories,Prime,1861.00,2282.78,Active
PROD0013,Urban Mobile-Accessories 3,Electronics,Mobile Accessories,Urban,4328.85,5545.16,Active
PROD0014,ProMax Mobile-Accessories 4,Electronics,Mobile Accessories,ProMax,870.98,1053.03,Active
PROD0015,Elite Mobile-Accessories 5,Electronics,Mobile Accessories,Elite,3889.98,5294.72,Active
PROD0016,SmartLife Kitchen 1,Home & Kitchen,Kitchen,SmartLife,2873.17,4019.33,Active
PROD0017,Vertex Kitchen 2,Home & Kitchen,Kitchen,Vertex,1992.74,2933.18,Active
PROD0018,Apex Kitchen 3,Home & Kitchen,Kitchen,Apex,1480.24,1991.83,Active
PROD0019,Zen Kitchen 4,Home & Kitchen,Kitchen,Zen,2945.57,4022.34,Active
PROD0020,Orion Kitchen 5,Home & Kitchen,Kitchen,Orion,3050.55,4128.02,Active
PROD0021,Nova Home-Appliances 1,Home & Kitchen,Home Appliances,Nova,2539.86,3031.95,Active
PROD0022,Prime Home-Appliances 2,Home & Kitchen,Home Appliances,Prime,990.67,1255.00,Active
PROD0023,Urban Home-Appliances 3,Home & Kitchen,Home Appliances,Urban,509.32,636.57,Active
PROD0024,ProMax Home-Appliances 4,Home & Kitchen,Home Appliances,ProMax,578.25,730.56,Active
PROD0025,Elite Home-Appliances 5,Home & Kitchen,Home Appliances,Elite,2315.97,2986.33,Active
PROD0026,SmartLife Storage 1,Home & Kitchen,Storage,SmartLife,1453.09,1805.98,Active
PROD0027,Vertex Storage 2,Home & Kitchen,Storage,Vertex,1117.68,1632.93,Active
PROD0028,Apex Storage 3,Home & Kitchen,Storage,Apex,2356.12,3210.78,Active
PROD0029,Zen Storage 4,Home & Kitchen,Storage,Zen,806.20,1127.66,Active
PROD0030,Orion Storage 5,Home & Kitchen,Storage,Orion,781.06,1010.56,Active
PROD0031,Nova Grooming 1,Personal Care,Grooming,Nova,1782.71,2445.88,Active
PROD0032,Prime Grooming 2,Personal Care,Grooming,Prime,1068.97,1480.93,Active
PROD0033,Urban Grooming 3,Personal Care,Grooming,Urban,1540.71,2176.72,Active
PROD0034,ProMax Grooming 4,Personal Care,Grooming,ProMax,527.93,628.04,Active
PROD0035,Elite Grooming 5,Personal Care,Grooming,Elite,670.50,845.05,Active
PROD0036,SmartLife Personal-Hygiene 1,Personal Care,Personal Hygiene,SmartLife,498.12,728.69,Active
PROD0037,Vertex Personal-Hygiene 2,Personal Care,Personal Hygiene,Vertex,1596.01,2033.96,Active
PROD0038,Apex Personal-Hygiene 3,Personal Care,Personal Hygiene,Apex,1231.47,1599.30,Active
PROD0039,Zen Personal-Hygiene 4,Personal Care,Personal Hygiene,Zen,1659.00,2185.99,Active
PROD0040,Orion Personal-Hygiene 5,Personal Care,Personal Hygiene,Orion,587.05,736.15,Active
PROD0041,Nova Wellness 1,Personal Care,Wellness,Nova,1076.26,1354.82,Active
PROD0042,Prime Wellness 2,Personal Care,Wellness,Prime,1114.57,1615.40,Active
PROD0043,Urban Wellness 3,Personal Care,Wellness,Urban,809.01,1007.86,Active
PROD0044,ProMax Wellness 4,Personal Care,Wellness,ProMax,1795.94,2393.73,Active
PROD0045,Elite Wellness 5,Personal Care,Wellness,Elite,300.00,358.24,Active
PROD0046,SmartLife Apparel 1,Fashion,Apparel,SmartLife,596.05,815.54,Active
PROD0047,Vertex Apparel 2,Fashion,Apparel,Vertex,2438.61,3186.40,Active
PROD0048,Apex Apparel 3,Fashion,Apparel,Apex,471.52,610.38,Active
PROD0049,Zen Apparel 4,Fashion,Apparel,Zen,2989.53,4002.19,Active
PROD0050,Orion Apparel 5,Fashion,Apparel,Orion,2921.91,4202.39,Active
PROD0051,Nova Footwear 1,Fashion,Footwear,Nova,331.00,462.15,Active
PROD0052,Prime Footwear 2,Fashion,Footwear,Prime,2140.62,2870.77,Active
PROD0053,Urban Footwear 3,Fashion,Footwear,Urban,1020.43,1400.32,Active
PROD0054,ProMax Footwear 4,Fashion,Footwear,ProMax,601.19,787.82,Active
PROD0055,Elite Footwear 5,Fashion,Footwear,Elite,1525.05,2235.94,Active
PROD0056,SmartLife Bags 1,Fashion,Bags,SmartLife,2664.80,3355.03,Active
PROD0057,Vertex Bags 2,Fashion,Bags,Vertex,1651.58,2037.38,Active
PROD0058,Apex Bags 3,Fashion,Bags,Apex,2764.10,3983.50,Active
PROD0059,Zen Bags 4,Fashion,Bags,Zen,1105.80,1516.81,Active
PROD0060,Orion Bags 5,Fashion,Bags,Orion,1944.22,2383.33,Active
PROD0061,Nova Watches 1,Accessories,Watches,Nova,3109.42,4172.26,Active
PROD0062,Prime Watches 2,Accessories,Watches,Prime,3169.85,4244.77,Active
PROD0063,Urban Watches 3,Accessories,Watches,Urban,252.14,322.05,Active
PROD0064,ProMax Watches 4,Accessories,Watches,ProMax,323.04,471.23,Active
PROD0065,Elite Watches 5,Accessories,Watches,Elite,3545.21,5067.88,Active
PROD0066,SmartLife Travel-Accessories 1,Accessories,Travel Accessories,SmartLife,1403.18,1680.14,Active
PROD0067,Vertex Travel-Accessories 2,Accessories,Travel Accessories,Vertex,3542.54,5186.58,Active
PROD0068,Apex Travel-Accessories 3,Accessories,Travel Accessories,Apex,571.20,757.30,Active
PROD0069,Zen Travel-Accessories 4,Accessories,Travel Accessories,Zen,509.55,717.54,Active
PROD0070,Orion Travel-Accessories 5,Accessories,Travel Accessories,Orion,3121.88,3804.07,Active
PROD0071,Nova Lifestyle-Accessories 1,Accessories,Lifestyle Accessories,Nova,2032.31,2733.34,Active
PROD0072,Prime Lifestyle-Accessories 2,Accessories,Lifestyle Accessories,Prime,1243.96,1793.45,Active
PROD0073,Urban Lifestyle-Accessories 3,Accessories,Lifestyle Accessories,Urban,1836.77,2284.10,Active
PROD0074,ProMax Lifestyle-Accessories 4,Accessories,Lifestyle Accessories,ProMax,2272.36,3178.98,Active
PROD0075,Elite Lifestyle-Accessories 5,Accessories,Lifestyle Accessories,Elite,1004.32,1279.02,Active
PROD0076,SmartLife Fitness-Equipment 1,Sports & Fitness,Fitness Equipment,SmartLife,4977.69,6844.14,Active
PROD0077,Vertex Fitness-Equipment 2,Sports & Fitness,Fitness Equipment,Vertex,2415.26,3225.03,Active
PROD0078,Apex Fitness-Equipment 3,Sports & Fitness,Fitness Equipment,Apex,956.62,1193.30,Active
PROD0079,Zen Fitness-Equipment 4,Sports & Fitness,Fitness Equipment,Zen,1955.19,2652.20,Active
PROD0080,Orion Fitness-Equipment 5,Sports & Fitness,Fitness Equipment,Orion,1458.53,1817.42,Active
PROD0081,Nova Sports-Gear 1,Sports & Fitness,Sports Gear,Nova,726.57,994.91,Active
PROD0082,Prime Sports-Gear 2,Sports & Fitness,Sports Gear,Prime,1453.13,2109.40,Active
PROD0083,Urban Sports-Gear 3,Sports & Fitness,Sports Gear,Urban,4354.32,5230.66,Active
PROD0084,ProMax Sports-Gear 4,Sports & Fitness,Sports Gear,ProMax,1494.82,2063.89,Active
PROD0085,Elite Sports-Gear 5,Sports & Fitness,Sports Gear,Elite,1385.49,1689.87,Active
PROD0086,SmartLife Outdoor 1,Sports & Fitness,Outdoor,SmartLife,4703.37,6355.72,Active
PROD0087,Vertex Outdoor 2,Sports & Fitness,Outdoor,Vertex,2574.29,3643.61,Active
PROD0088,Apex Outdoor 3,Sports & Fitness,Outdoor,Apex,4114.49,5090.13,Active
PROD0089,Zen Outdoor 4,Sports & Fitness,Outdoor,Zen,845.88,1107.52,Active
PROD0090,Orion Outdoor 5,Sports & Fitness,Outdoor,Orion,2348.46,3100.22,Active
PROD0091,Nova Skin-Care 1,Beauty,Skin Care,Nova,1652.73,2284.09,Active
PROD0092,Prime Skin-Care 2,Beauty,Skin Care,Prime,2168.01,2622.26,Active
PROD0093,Urban Skin-Care 3,Beauty,Skin Care,Urban,993.29,1273.19,Active
PROD0094,ProMax Skin-Care 4,Beauty,Skin Care,ProMax,1920.58,2409.55,Active
PROD0095,Elite Skin-Care 5,Beauty,Skin Care,Elite,564.22,741.71,Active
PROD0096,SmartLife Hair-Care 1,Beauty,Hair Care,SmartLife,1032.20,1304.25,Active
PROD0097,Vertex Hair-Care 2,Beauty,Hair Care,Vertex,684.61,997.46,Active
PROD0098,Apex Hair-Care 3,Beauty,Hair Care,Apex,1075.12,1546.46,Active
PROD0099,Zen Hair-Care 4,Beauty,Hair Care,Zen,1291.66,1543.76,Active
PROD0100,Orion Hair-Care 5,Beauty,Hair Care,Orion,2198.55,3145.70,Active
PROD0101,Nova Beauty-Tools 1,Beauty,Beauty Tools,Nova,2137.37,3116.09,Active
PROD0102,Prime Beauty-Tools 2,Beauty,Beauty Tools,Prime,1894.37,2329.87,Active
PROD0103,Urban Beauty-Tools 3,Beauty,Beauty Tools,Urban,1161.00,1444.43,Active
PROD0104,ProMax Beauty-Tools 4,Beauty,Beauty Tools,ProMax,990.10,1185.73,Active
PROD0105,Elite Beauty-Tools 5,Beauty,Beauty Tools,Elite,945.53,1395.22,Active
PROD0106,SmartLife Stationery 1,Office Supplies,Stationery,SmartLife,736.49,1042.30,Active
PROD0107,Vertex Stationery 2,Office Supplies,Stationery,Vertex,1192.02,1557.85,Active
PROD0108,Apex Stationery 3,Office Supplies,Stationery,Apex,2397.56,3545.10,Active
PROD0109,Zen Stationery 4,Office Supplies,Stationery,Zen,1433.84,2000.96,Active
PROD0110,Orion Stationery 5,Office Supplies,Stationery,Orion,471.51,598.35,Active
PROD0111,Nova Desk-Accessories 1,Office Supplies,Desk Accessories,Nova,2424.90,3282.72,Active
PROD0112,Prime Desk-Accessories 2,Office Supplies,Desk Accessories,Prime,1401.27,1967.93,Active
PROD0113,Urban Desk-Accessories 3,Office Supplies,Desk Accessories,Urban,237.20,321.47,Active
PROD0114,ProMax Desk-Accessories 4,Office Supplies,Desk Accessories,ProMax,1306.84,1876.38,Active
PROD0115,Elite Desk-Accessories 5,Office Supplies,Desk Accessories,Elite,477.84,701.58,Active
PROD0116,SmartLife Office-Equipment 1,Office Supplies,Office Equipment,SmartLife,292.27,361.17,Active
PROD0117,Vertex Office-Equipment 2,Office Supplies,Office Equipment,Vertex,1528.08,2112.67,Active
PROD0118,Apex Office-Equipment 3,Office Supplies,Office Equipment,Apex,664.49,808.00,Active
PROD0119,Zen Office-Equipment 4,Office Supplies,Office Equipment,Zen,2236.69,2804.51,Active
PROD0120,Orion Office-Equipment 5,Office Supplies,Office Equipment,Orion,1526.85,2085.39,Active
PROD0121,Nova Travel-Gear 1,Travel,Travel Gear,Nova,2089.78,2831.86,Active
PROD0122,Prime Travel-Gear 2,Travel,Travel Gear,Prime,2519.55,3679.58,Active
PROD0123,Urban Travel-Gear 3,Travel,Travel Gear,Urban,1197.68,1670.59,Active
PROD0124,ProMax Travel-Gear 4,Travel,Travel Gear,ProMax,1340.55,1741.02,Active
PROD0125,Elite Travel-Gear 5,Travel,Travel Gear,Elite,3137.51,3984.63,Active
PROD0126,SmartLife Luggage 1,Travel,Luggage,SmartLife,1662.14,2336.24,Active
PROD0127,Vertex Luggage 2,Travel,Luggage,Vertex,651.05,857.75,Active
PROD0128,Apex Luggage 3,Travel,Luggage,Apex,4493.59,6645.25,Active
PROD0129,Zen Luggage 4,Travel,Luggage,Zen,654.03,813.58,Active
PROD0130,Orion Luggage 5,Travel,Luggage,Orion,1450.58,2117.81,Active
PROD0131,Nova Travel-Accessories 1,Travel,Travel Accessories,Nova,4005.59,5783.20,Active
PROD0132,Prime Travel-Accessories 2,Travel,Travel Accessories,Prime,1883.54,2311.71,Active
PROD0133,Urban Travel-Accessories 3,Travel,Travel Accessories,Urban,3810.04,5300.00,Active
PROD0134,ProMax Travel-Accessories 4,Travel,Travel Accessories,ProMax,2888.46,4263.86,Active
PROD0135,Elite Travel-Accessories 5,Travel,Travel Accessories,Elite,3064.00,3622.71,Active
PROD0136,SmartLife Smart-Living 1,Lifestyle,Smart Living,SmartLife,2896.44,3677.94,Active
PROD0137,Vertex Smart-Living 2,Lifestyle,Smart Living,Vertex,2389.18,3492.21,Active
PROD0138,Apex Smart-Living 3,Lifestyle,Smart Living,Apex,643.16,781.20,Active
PROD0139,Zen Smart-Living 4,Lifestyle,Smart Living,Zen,553.22,744.62,Active
PROD0140,Orion Smart-Living 5,Lifestyle,Smart Living,Orion,1098.75,1495.89,Active
PROD0141,Nova Hobbies 1,Lifestyle,Hobbies,Nova,2568.12,3187.24,Active
PROD0142,Prime Hobbies 2,Lifestyle,Hobbies,Prime,2292.99,2887.32,Active
PROD0143,Urban Hobbies 3,Lifestyle,Hobbies,Urban,1812.16,2630.53,Active
PROD0144,ProMax Hobbies 4,Lifestyle,Hobbies,ProMax,2992.14,3613.58,Active
PROD0145,Elite Hobbies 5,Lifestyle,Hobbies,Elite,1597.80,2018.03,Active
PROD0146,SmartLife Gifts 1,Lifestyle,Gifts,SmartLife,211.70,298.78,Active
PROD0147,Vertex Gifts 2,Lifestyle,Gifts,Vertex,2302.47,2897.86,Active
PROD0148,Apex Gifts 3,Lifestyle,Gifts,Apex,2646.06,3560.28,Active
PROD0149,Zen Gifts 4,Lifestyle,Gifts,Zen,1611.37,1906.09,Active
PROD0150,Orion Gifts 5,Lifestyle,Gifts,Orion,448.30,647.76,Active
